-- MySQL dump 10.13  Distrib 8.0.34, for Win64 (x86_64)
--
-- Host: 127.0.0.1    Database: mypetstore
-- ------------------------------------------------------
-- Server version	8.0.34

/*!40101 SET @OLD_CHARACTER_SET_CLIENT=@@CHARACTER_SET_CLIENT */;
/*!40101 SET @OLD_CHARACTER_SET_RESULTS=@@CHARACTER_SET_RESULTS */;
/*!40101 SET @OLD_COLLATION_CONNECTION=@@COLLATION_CONNECTION */;
/*!50503 SET NAMES utf8mb4 */;
/*!40103 SET @OLD_TIME_ZONE=@@TIME_ZONE */;
/*!40103 SET TIME_ZONE='+00:00' */;
/*!40014 SET @OLD_UNIQUE_CHECKS=@@UNIQUE_CHECKS, UNIQUE_CHECKS=0 */;
/*!40014 SET @OLD_FOREIGN_KEY_CHECKS=@@FOREIGN_KEY_CHECKS, FOREIGN_KEY_CHECKS=0 */;
/*!40101 SET @OLD_SQL_MODE=@@SQL_MODE, SQL_MODE='NO_AUTO_VALUE_ON_ZERO' */;
/*!40111 SET @OLD_SQL_NOTES=@@SQL_NOTES, SQL_NOTES=0 */;

--
-- Table structure for table `account`
--

DROP TABLE IF EXISTS `account`;
/*!40101 SET @saved_cs_client     = @@character_set_client */;
/*!50503 SET character_set_client = utf8mb4 */;
CREATE TABLE `account` (
  `userid` varchar(80) NOT NULL,
  `email` varchar(80) NOT NULL,
  `firstname` varchar(80) NOT NULL,
  `lastname` varchar(80) NOT NULL,
  `status` varchar(2) DEFAULT NULL,
  `addr1` varchar(80) NOT NULL,
  `addr2` varchar(40) DEFAULT NULL,
  `city` varchar(80) NOT NULL,
  `state` varchar(80) NOT NULL,
  `zip` varchar(20) NOT NULL,
  `country` varchar(20) NOT NULL,
  `phone` varchar(80) NOT NULL,
  PRIMARY KEY (`userid`)
) ENGINE=InnoDB DEFAULT CHARSET=utf8mb4 COLLATE=utf8mb4_0900_ai_ci;
/*!40101 SET character_set_client = @saved_cs_client */;

--
-- Dumping data for table `account`
--

LOCK TABLES `account` WRITE;
/*!40000 ALTER TABLE `account` DISABLE KEYS */;
INSERT INTO `account` VALUES ('ACID','acid@yourdomain.com','ABC','XYX','OK','901 San Antonio Road','MS UCUP02-206','Palo Alto','CA','94303','USA','555-555-5555'),('j2ee','yourname@yourdomain.com','ABC','XYX','OK','901 San Antonio Road','MS UCUP02-206','Palo Alto','CA','94303','USA','555-555-5555'),('leo','865113609@qq.com','Leo','Lou','OK','a place in this world','7e8w65464fg','Changsha','Wonderland','410015','China','17305401304');
/*!40000 ALTER TABLE `account` ENABLE KEYS */;
UNLOCK TABLES;

--
-- Table structure for table `bannerdata`
--

DROP TABLE IF EXISTS `bannerdata`;
/*!40101 SET @saved_cs_client     = @@character_set_client */;
/*!50503 SET character_set_client = utf8mb4 */;
CREATE TABLE `bannerdata` (
  `favcategory` varchar(80) NOT NULL,
  `bannername` varchar(255) DEFAULT NULL,
  PRIMARY KEY (`favcategory`)
) ENGINE=InnoDB DEFAULT CHARSET=utf8mb4 COLLATE=utf8mb4_0900_ai_ci;
/*!40101 SET character_set_client = @saved_cs_client */;

--
-- Dumping data for table `bannerdata`
--

LOCK TABLES `bannerdata` WRITE;
/*!40000 ALTER TABLE `bannerdata` DISABLE KEYS */;
INSERT INTO `bannerdata` VALUES ('BIRDS','/images/banner_birds.gif'),('CATS','/images/banner_cats.gif'),('DOGS','/images/banner_dogs.gif'),('FISH','/images/banner_fish.gif'),('REPTILES','/images/banner_reptiles.gif');
/*!40000 ALTER TABLE `bannerdata` ENABLE KEYS */;
UNLOCK TABLES;

--
-- Table structure for table `cartitem`
--

DROP TABLE IF EXISTS `cartitem`;
/*!40101 SET @saved_cs_client     = @@character_set_client */;
/*!50503 SET character_set_client = utf8mb4 */;
CREATE TABLE `cartitem` (
  `itemId` varchar(20) DEFAULT NULL,
  `quantity` int DEFAULT NULL,
  `username` varchar(255) DEFAULT NULL,
  `time` bigint DEFAULT NULL
) ENGINE=InnoDB DEFAULT CHARSET=utf8mb4 COLLATE=utf8mb4_0900_ai_ci;
/*!40101 SET character_set_client = @saved_cs_client */;

--
-- Dumping data for table `cartitem`
--

LOCK TABLES `cartitem` WRITE;
/*!40000 ALTER TABLE `cartitem` DISABLE KEYS */;
INSERT INTO `cartitem` VALUES ('EST-9',3,'uuu',1699983539292);
/*!40000 ALTER TABLE `cartitem` ENABLE KEYS */;
UNLOCK TABLES;

--
-- Table structure for table `category`
--

DROP TABLE IF EXISTS `category`;
/*!40101 SET @saved_cs_client     = @@character_set_client */;
/*!50503 SET character_set_client = utf8mb4 */;
CREATE TABLE `category` (
  `catid` varchar(10) NOT NULL,
  `name` varchar(80) DEFAULT NULL,
  `descn` varchar(255) DEFAULT NULL,
  PRIMARY KEY (`catid`)
) ENGINE=InnoDB DEFAULT CHARSET=utf8mb4 COLLATE=utf8mb4_0900_ai_ci;
/*!40101 SET character_set_client = @saved_cs_client */;

--
-- Dumping data for table `category`
--

LOCK TABLES `category` WRITE;
/*!40000 ALTER TABLE `category` DISABLE KEYS */;
INSERT INTO `category` VALUES ('BIRDS','Birds','/images/birds_icon.gif'),('CATS','Cats','/images/cats_icon.gif'),('DOGS','Dogs','/images/dogs_icon.gif'),('FISH','Fish','/images/fish_icon.gif'),('REPTILES','Reptiles','/images/reptiles_icon.gif');
/*!40000 ALTER TABLE `category` ENABLE KEYS */;
UNLOCK TABLES;

--
-- Table structure for table `inventory`
--

DROP TABLE IF EXISTS `inventory`;
/*!40101 SET @saved_cs_client     = @@character_set_client */;
/*!50503 SET character_set_client = utf8mb4 */;
CREATE TABLE `inventory` (
  `itemid` varchar(10) NOT NULL,
  `qty` int NOT NULL,
  PRIMARY KEY (`itemid`)
) ENGINE=InnoDB DEFAULT CHARSET=utf8mb4 COLLATE=utf8mb4_0900_ai_ci;
/*!40101 SET character_set_client = @saved_cs_client */;

--
-- Dumping data for table `inventory`
--

LOCK TABLES `inventory` WRITE;
/*!40000 ALTER TABLE `inventory` DISABLE KEYS */;
INSERT INTO `inventory` VALUES ('EST-1',10000),('EST-10',10000),('EST-100',986),('EST-101',999),('EST-102',999),('EST-103',999),('EST-104',999),('EST-105',999),('EST-106',999),('EST-107',999),('EST-108',999),('EST-109',999),('EST-11',9993),('EST-110',999),('EST-111',999),('EST-112',999),('EST-113',999),('EST-114',999),('EST-115',999),('EST-116',999),('EST-117',999),('EST-118',999),('EST-119',999),('EST-12',10000),('EST-120',999),('EST-121',999),('EST-122',999),('EST-123',999),('EST-124',999),('EST-125',999),('EST-126',999),('EST-127',999),('EST-128',999),('EST-129',999),('EST-13',9997),('EST-130',999),('EST-132',1234),('EST-14',10000),('EST-15',9999),('EST-16',10000),('EST-17',9992),('EST-18',9996),('EST-19',9999),('EST-2',10000),('EST-20',10000),('EST-21',10000),('EST-22',10000),('EST-23',10000),('EST-24',10000),('EST-25',10000),('EST-26',10000),('EST-27',10000),('EST-28',10000),('EST-3',10000),('EST-4',9999),('EST-5',10000),('EST-6',9998),('EST-7',10000),('EST-8',9999),('EST-9',9995);
/*!40000 ALTER TABLE `inventory` ENABLE KEYS */;
UNLOCK TABLES;

--
-- Table structure for table `item`
--

DROP TABLE IF EXISTS `item`;
/*!40101 SET @saved_cs_client     = @@character_set_client */;
/*!50503 SET character_set_client = utf8mb4 */;
CREATE TABLE `item` (
  `itemid` varchar(10) NOT NULL,
  `productid` varchar(10) NOT NULL,
  `listprice` decimal(10,2) DEFAULT NULL,
  `unitcost` decimal(10,2) DEFAULT NULL,
  `supplier` int DEFAULT NULL,
  `status` varchar(2) DEFAULT NULL,
  `attr1` varchar(80) DEFAULT NULL,
  `attr2` varchar(80) DEFAULT NULL,
  `attr3` varchar(80) DEFAULT NULL,
  `attr4` varchar(80) DEFAULT NULL,
  `attr5` varchar(80) DEFAULT NULL,
  PRIMARY KEY (`itemid`),
  KEY `fk_item_2` (`supplier`),
  KEY `itemProd` (`productid`),
  CONSTRAINT `fk_item_1` FOREIGN KEY (`productid`) REFERENCES `product` (`productid`),
  CONSTRAINT `fk_item_2` FOREIGN KEY (`supplier`) REFERENCES `supplier` (`suppid`)
) ENGINE=InnoDB DEFAULT CHARSET=utf8mb4 COLLATE=utf8mb4_0900_ai_ci;
/*!40101 SET character_set_client = @saved_cs_client */;

--
-- Dumping data for table `item`
--

LOCK TABLES `item` WRITE;
/*!40000 ALTER TABLE `item` DISABLE KEYS */;
INSERT INTO `item` VALUES ('EST-1','FI-SW-01',17.00,10.00,1,'P','Large',NULL,NULL,NULL,NULL),('EST-10','K9-DL-01',19.00,12.00,1,'P','Spotted Adult Female',NULL,NULL,NULL,NULL),('EST-100','FI-FW-01',12.99,12.99,1,'P','Normal',NULL,NULL,NULL,NULL),('EST-101','FI-FW-01',12.99,12.99,1,'P','Normal',NULL,NULL,NULL,NULL),('EST-102','FI-FW-01',12.99,12.99,1,'P','Normal',NULL,NULL,NULL,NULL),('EST-103','FI-FW-01',12.99,12.99,1,'P','Normal',NULL,NULL,NULL,NULL),('EST-104','FI-FW-01',12.99,12.99,1,'P','Normal',NULL,NULL,NULL,NULL),('EST-105','FI-FW-01',12.99,12.99,1,'P','Normal',NULL,NULL,NULL,NULL),('EST-106','FI-FW-01',12.99,12.99,1,'P','Normal',NULL,NULL,NULL,NULL),('EST-107','FI-FW-01',12.99,12.99,1,'P','Normal',NULL,NULL,NULL,NULL),('EST-108','FI-FW-01',12.99,12.99,1,'P','Normal',NULL,NULL,NULL,NULL),('EST-109','FI-FW-01',12.99,12.99,1,'P','Normal',NULL,NULL,NULL,NULL),('EST-11','RP-SN-01',19.00,12.00,1,'P','Venomless',NULL,NULL,NULL,NULL),('EST-110','FI-FW-01',12.99,12.99,1,'P','Normal',NULL,NULL,NULL,NULL),('EST-111','FI-FW-01',12.99,12.99,1,'P','Normal',NULL,NULL,NULL,NULL),('EST-112','FI-FW-01',12.99,12.99,1,'P','Normal',NULL,NULL,NULL,NULL),('EST-113','FI-FW-01',12.99,12.99,1,'P','Normal',NULL,NULL,NULL,NULL),('EST-114','FI-FW-01',12.99,12.99,1,'P','Normal',NULL,NULL,NULL,NULL),('EST-115','FI-FW-01',12.99,12.99,1,'P','Normal',NULL,NULL,NULL,NULL),('EST-116','FI-FW-01',12.99,12.99,1,'P','Normal',NULL,NULL,NULL,NULL),('EST-117','FI-FW-01',12.99,12.99,1,'P','Normal',NULL,NULL,NULL,NULL),('EST-118','FI-FW-01',12.99,12.99,1,'P','Normal',NULL,NULL,NULL,NULL),('EST-119','FI-FW-01',12.99,12.99,1,'P','Normal',NULL,NULL,NULL,NULL),('EST-12','RP-SN-01',19.00,12.00,1,'P','Rattleless',NULL,NULL,NULL,NULL),('EST-120','FI-FW-01',12.99,12.99,1,'P','Normal',NULL,NULL,NULL,NULL),('EST-121','FI-FW-01',12.99,12.99,1,'P','Normal',NULL,NULL,NULL,NULL),('EST-122','FI-FW-01',12.99,12.99,1,'P','Normal',NULL,NULL,NULL,NULL),('EST-123','FI-FW-01',12.99,12.99,1,'P','Normal',NULL,NULL,NULL,NULL),('EST-124','FI-FW-01',12.99,12.99,1,'P','Normal',NULL,NULL,NULL,NULL),('EST-125','FI-FW-01',12.99,12.99,1,'P','Normal',NULL,NULL,NULL,NULL),('EST-126','FI-FW-01',12.99,12.99,1,'P','Normal',NULL,NULL,NULL,NULL),('EST-127','FI-FW-01',12.99,12.99,1,'P','Normal',NULL,NULL,NULL,NULL),('EST-128','FI-FW-01',12.99,12.99,1,'P','Normal',NULL,NULL,NULL,NULL),('EST-129','FI-FW-01',12.99,12.99,1,'P','Normal',NULL,NULL,NULL,NULL),('EST-13','RP-LI-02',19.00,12.00,1,'P','Green Adult',NULL,NULL,NULL,NULL),('EST-130','FI-FW-01',12.99,12.99,1,'P','Normal',NULL,NULL,NULL,NULL),('EST-132','FI-FW-01',23.00,34.00,1,'P','Girl',NULL,NULL,NULL,NULL),('EST-14','FL-DSH-01',59.00,12.00,1,'P','Tailless',NULL,NULL,NULL,NULL),('EST-15','FL-DSH-01',24.00,12.00,1,'P','With tail',NULL,NULL,NULL,NULL),('EST-16','FL-DLH-02',94.00,12.00,1,'P','Adult Female',NULL,NULL,NULL,NULL),('EST-17','FL-DLH-02',94.00,12.00,1,'P','Adult Male',NULL,NULL,NULL,NULL),('EST-18','AV-CB-01',194.00,92.00,1,'P','Adult Male',NULL,NULL,NULL,NULL),('EST-19','AV-SB-02',16.00,2.00,1,'P','Adult Male',NULL,NULL,NULL,NULL),('EST-2','FI-SW-01',17.00,10.00,1,'P','Small',NULL,NULL,NULL,NULL),('EST-20','FI-FW-02',6.00,2.00,1,'P','Adult Male',NULL,NULL,NULL,NULL),('EST-21','FI-FW-02',5.00,1.00,1,'P','Adult Female',NULL,NULL,NULL,NULL),('EST-22','K9-RT-02',136.00,100.00,1,'P','Adult Male',NULL,NULL,NULL,NULL),('EST-23','K9-RT-02',145.00,100.00,1,'P','Adult Female',NULL,NULL,NULL,NULL),('EST-24','K9-RT-02',256.00,92.00,1,'P','Adult Male',NULL,NULL,NULL,NULL),('EST-25','K9-RT-02',325.00,90.00,1,'P','Adult Female',NULL,NULL,NULL,NULL),('EST-26','K9-CW-01',126.00,92.00,1,'P','Adult Male',NULL,NULL,NULL,NULL),('EST-27','K9-CW-01',155.00,90.00,1,'P','Adult Female',NULL,NULL,NULL,NULL),('EST-28','K9-RT-01',155.00,90.00,1,'P','Adult Female',NULL,NULL,NULL,NULL),('EST-3','FI-SW-02',19.00,12.00,1,'P','Toothless',NULL,NULL,NULL,NULL),('EST-4','FI-FW-01',19.00,12.00,1,'P','Spotted',NULL,NULL,NULL,NULL),('EST-5','FI-FW-01',19.00,12.00,1,'P','Spotless',NULL,NULL,NULL,NULL),('EST-6','K9-BD-01',19.00,12.00,1,'P','Male Adult',NULL,NULL,NULL,NULL),('EST-7','K9-BD-01',19.00,12.00,1,'P','Female Puppy',NULL,NULL,NULL,NULL),('EST-8','K9-PO-02',19.00,12.00,1,'P','Male Puppy',NULL,NULL,NULL,NULL),('EST-9','K9-DL-01',19.00,12.00,1,'P','Spotless Male Puppy',NULL,NULL,NULL,NULL);
/*!40000 ALTER TABLE `item` ENABLE KEYS */;
UNLOCK TABLES;

--
-- Table structure for table `lineitem`
--

DROP TABLE IF EXISTS `lineitem`;
/*!40101 SET @saved_cs_client     = @@character_set_client */;
/*!50503 SET character_set_client = utf8mb4 */;
CREATE TABLE `lineitem` (
  `orderid` int NOT NULL,
  `linenum` int NOT NULL,
  `itemid` varchar(10) NOT NULL,
  `quantity` int NOT NULL,
  `unitprice` decimal(10,2) NOT NULL,
  PRIMARY KEY (`orderid`,`linenum`)
) ENGINE=InnoDB DEFAULT CHARSET=utf8mb4 COLLATE=utf8mb4_0900_ai_ci;
/*!40101 SET character_set_client = @saved_cs_client */;

--
-- Dumping data for table `lineitem`
--

LOCK TABLES `lineitem` WRITE;
/*!40000 ALTER TABLE `lineitem` DISABLE KEYS */;
INSERT INTO `lineitem` VALUES (1013,1,'EST-19',1,16.00),(1014,1,'EST-13',1,19.00),(1014,2,'EST-18',4,194.00),(1015,1,'EST-13',1,19.00),(1015,2,'EST-17',7,94.00),(1016,1,'EST-100',6,12.99),(1016,2,'EST-8',1,19.00);
/*!40000 ALTER TABLE `lineitem` ENABLE KEYS */;
UNLOCK TABLES;

--
-- Table structure for table `normallog`
--

DROP TABLE IF EXISTS `normallog`;
/*!40101 SET @saved_cs_client     = @@character_set_client */;
/*!50503 SET character_set_client = utf8mb4 */;
CREATE TABLE `normallog` (
  `ip` varchar(255) DEFAULT NULL,
  `username` varchar(255) DEFAULT NULL,
  `time` bigint DEFAULT NULL,
  `action` tinyint DEFAULT NULL
) ENGINE=InnoDB DEFAULT CHARSET=utf8mb4 COLLATE=utf8mb4_0900_ai_ci;
/*!40101 SET character_set_client = @saved_cs_client */;

--
-- Dumping data for table `normallog`
--

LOCK TABLES `normallog` WRITE;
/*!40000 ALTER TABLE `normallog` DISABLE KEYS */;
INSERT INTO `normallog` VALUES ('0:0:0:0:0:0:0:1',NULL,1699408120971,1),('0:0:0:0:0:0:0:1',NULL,1699408358658,1),('0:0:0:0:0:0:0:1',NULL,1699408359007,1),('0:0:0:0:0:0:0:1',NULL,1699408366220,1),('0:0:0:0:0:0:0:1',NULL,1699408385282,4),('0:0:0:0:0:0:0:1',NULL,1699408664660,1),('0:0:0:0:0:0:0:1',NULL,1699408670175,1),('0:0:0:0:0:0:0:1',NULL,1699408676701,1),('0:0:0:0:0:0:0:1',NULL,1699408693426,1),('0:0:0:0:0:0:0:1',NULL,1699408829442,1),('0:0:0:0:0:0:0:1',NULL,1699408847597,4),('0:0:0:0:0:0:0:1',NULL,1699408933126,1),('0:0:0:0:0:0:0:1',NULL,1699408938575,1),('0:0:0:0:0:0:0:1',NULL,1699408942883,1),('0:0:0:0:0:0:0:1',NULL,1699408951553,4),('0:0:0:0:0:0:0:1',NULL,1699408963892,4),('0:0:0:0:0:0:0:1',NULL,1699409128473,1),('0:0:0:0:0:0:0:1',NULL,1699409133538,1),('0:0:0:0:0:0:0:1',NULL,1699409140077,4),('0:0:0:0:0:0:0:1',NULL,1699409142382,4),('0:0:0:0:0:0:0:1',NULL,1699409145228,4),('0:0:0:0:0:0:0:1',NULL,1699409197058,1),('0:0:0:0:0:0:0:1',NULL,1699409203729,4),('0:0:0:0:0:0:0:1',NULL,1699409329824,1),('0:0:0:0:0:0:0:1',NULL,1699409338234,1),('0:0:0:0:0:0:0:1',NULL,1699409346527,4),('0:0:0:0:0:0:0:1',NULL,1699409800488,1),('0:0:0:0:0:0:0:1',NULL,1699409808194,4),('0:0:0:0:0:0:0:1',NULL,1699409810372,4),('0:0:0:0:0:0:0:1',NULL,1699409859560,4),('0:0:0:0:0:0:0:1',NULL,1699409968421,4),('0:0:0:0:0:0:0:1',NULL,1699409974877,4),('0:0:0:0:0:0:0:1',NULL,1699410132945,4),('0:0:0:0:0:0:0:1',NULL,1699410265082,4),('0:0:0:0:0:0:0:1',NULL,1699410317893,1),('0:0:0:0:0:0:0:1',NULL,1699410328694,4),('0:0:0:0:0:0:0:1',NULL,1699410423975,4),('0:0:0:0:0:0:0:1',NULL,1699410595839,1),('0:0:0:0:0:0:0:1',NULL,1699410895887,1),('0:0:0:0:0:0:0:1',NULL,1699413838901,1),('0:0:0:0:0:0:0:1',NULL,1699413866284,-1),('0:0:0:0:0:0:0:1',NULL,1699413866403,-1),('0:0:0:0:0:0:0:1',NULL,1699413866420,-1),('0:0:0:0:0:0:0:1',NULL,1699413866428,-1),('0:0:0:0:0:0:0:1',NULL,1699413866439,-1),('0:0:0:0:0:0:0:1',NULL,1699413866439,-1),('0:0:0:0:0:0:0:1',NULL,1699414183217,1),('0:0:0:0:0:0:0:1',NULL,1699414223915,-1),('0:0:0:0:0:0:0:1',NULL,1699414224035,-1),('0:0:0:0:0:0:0:1',NULL,1699414224045,-1),('0:0:0:0:0:0:0:1',NULL,1699414224054,-1),('0:0:0:0:0:0:0:1',NULL,1699414224060,-1),('0:0:0:0:0:0:0:1',NULL,1699414224060,-1),('0:0:0:0:0:0:0:1',NULL,1699414505439,1),('0:0:0:0:0:0:0:1',NULL,1699414511267,1),('0:0:0:0:0:0:0:1',NULL,1699414745186,1),('0:0:0:0:0:0:0:1',NULL,1699455686848,1),('0:0:0:0:0:0:0:1',NULL,1699502211341,1),('0:0:0:0:0:0:0:1',NULL,1699503244830,1),('0:0:0:0:0:0:0:1',NULL,1699503708896,1),('0:0:0:0:0:0:0:1',NULL,1699503714858,1),('0:0:0:0:0:0:0:1',NULL,1699504169237,1),('0:0:0:0:0:0:0:1',NULL,1699529285884,1),('0:0:0:0:0:0:0:1',NULL,1699529441515,1),('0:0:0:0:0:0:0:1',NULL,1699547317117,1),('0:0:0:0:0:0:0:1',NULL,1699716079164,1),('0:0:0:0:0:0:0:1',NULL,1699755683069,1),('0:0:0:0:0:0:0:1',NULL,1699755908388,1),('0:0:0:0:0:0:0:1',NULL,1699755911668,1),('0:0:0:0:0:0:0:1',NULL,1699755913106,1),('0:0:0:0:0:0:0:1',NULL,1699755914070,1),('0:0:0:0:0:0:0:1',NULL,1699755914962,1),('0:0:0:0:0:0:0:1',NULL,1699755915148,1),('0:0:0:0:0:0:0:1',NULL,1699755915327,1),('0:0:0:0:0:0:0:1',NULL,1699755915506,1),('0:0:0:0:0:0:0:1',NULL,1699755915681,1),('0:0:0:0:0:0:0:1',NULL,1699755915905,1),('0:0:0:0:0:0:0:1',NULL,1699755920502,1),('0:0:0:0:0:0:0:1',NULL,1699755920841,1),('0:0:0:0:0:0:0:1',NULL,1699755921022,1),('0:0:0:0:0:0:0:1',NULL,1699755921199,1),('0:0:0:0:0:0:0:1',NULL,1699755921418,1),('0:0:0:0:0:0:0:1',NULL,1699755923651,1),('0:0:0:0:0:0:0:1',NULL,1699755923837,1),('0:0:0:0:0:0:0:1',NULL,1699755924012,1),('0:0:0:0:0:0:0:1',NULL,1699755927079,1),('0:0:0:0:0:0:0:1',NULL,1699755927264,1),('0:0:0:0:0:0:0:1',NULL,1699755927443,1),('0:0:0:0:0:0:0:1',NULL,1699755931541,1),('0:0:0:0:0:0:0:1',NULL,1699755931751,1),('0:0:0:0:0:0:0:1',NULL,1699755932358,1),('0:0:0:0:0:0:0:1',NULL,1699755932583,1),('0:0:0:0:0:0:0:1',NULL,1699755933537,1),('0:0:0:0:0:0:0:1',NULL,1699755934037,1),('0:0:0:0:0:0:0:1',NULL,1699755941250,1),('0:0:0:0:0:0:0:1',NULL,1699769295970,-1),('0:0:0:0:0:0:0:1',NULL,1699769296048,-1),('0:0:0:0:0:0:0:1',NULL,1699769296052,-1),('0:0:0:0:0:0:0:1',NULL,1699769296055,-1),('0:0:0:0:0:0:0:1',NULL,1699769296057,-1),('0:0:0:0:0:0:0:1',NULL,1699769296057,-1),('0:0:0:0:0:0:0:1',NULL,1699769581196,-1),('0:0:0:0:0:0:0:1',NULL,1699769666705,-1),('0:0:0:0:0:0:0:1',NULL,1699771358635,-1),('0:0:0:0:0:0:0:1',NULL,1699775388253,-1),('0:0:0:0:0:0:0:1',NULL,1699785247629,3),('0:0:0:0:0:0:0:1',NULL,1699785277276,3),('0:0:0:0:0:0:0:1',NULL,1699785308898,3),('0:0:0:0:0:0:0:1',NULL,1699785321841,3),('0:0:0:0:0:0:0:1',NULL,1699785326867,3),('0:0:0:0:0:0:0:1',NULL,1699785748939,3),('0:0:0:0:0:0:0:1',NULL,1699785753840,3),('0:0:0:0:0:0:0:1',NULL,1699785799746,3),('0:0:0:0:0:0:0:1',NULL,1699786203105,3),('0:0:0:0:0:0:0:1',NULL,1699786378852,3),('0:0:0:0:0:0:0:1',NULL,1699793166591,-1),('0:0:0:0:0:0:0:1',NULL,1699809663713,-1),('0:0:0:0:0:0:0:1',NULL,1699809699403,-1),('0:0:0:0:0:0:0:1',NULL,1699809945646,-1),('0:0:0:0:0:0:0:1',NULL,1699844219553,-1),('0:0:0:0:0:0:0:1',NULL,1699857885240,-1),('0:0:0:0:0:0:0:1',NULL,1699898254652,-1),('0:0:0:0:0:0:0:1',NULL,1699924053696,-1),('0:0:0:0:0:0:0:1',NULL,1699939727285,-1),('0:0:0:0:0:0:0:1',NULL,1699964510064,-1),('0:0:0:0:0:0:0:1',NULL,1699974950074,-1),('0:0:0:0:0:0:0:1',NULL,1699975106199,-1),('0:0:0:0:0:0:0:1',NULL,1699982195808,-1),('0:0:0:0:0:0:0:1',NULL,1699983273541,-1),('0:0:0:0:0:0:0:1',NULL,1699983487237,-1),('0:0:0:0:0:0:0:1',NULL,1699983582438,-1),('0:0:0:0:0:0:0:1',NULL,1699986550496,3),('0:0:0:0:0:0:0:1',NULL,1699987753978,3),('0:0:0:0:0:0:0:1',NULL,1699988369480,3),('0:0:0:0:0:0:0:1',NULL,1699988791665,3),('0:0:0:0:0:0:0:1',NULL,1699988867092,-1),('0:0:0:0:0:0:0:1',NULL,1699989722989,3),('0:0:0:0:0:0:0:1',NULL,1699989756451,1),('0:0:0:0:0:0:0:1',NULL,1699989876163,-1),('0:0:0:0:0:0:0:1',NULL,1700020225623,-1),('0:0:0:0:0:0:0:1',NULL,1700020325923,-1);
/*!40000 ALTER TABLE `normallog` ENABLE KEYS */;
UNLOCK TABLES;

--
-- Table structure for table `orders`
--

DROP TABLE IF EXISTS `orders`;
/*!40101 SET @saved_cs_client     = @@character_set_client */;
/*!50503 SET character_set_client = utf8mb4 */;
CREATE TABLE `orders` (
  `orderid` int NOT NULL,
  `userid` varchar(80) NOT NULL,
  `orderdate` date NOT NULL,
  `shipaddr1` varchar(80) NOT NULL,
  `shipaddr2` varchar(80) DEFAULT NULL,
  `shipcity` varchar(80) NOT NULL,
  `shipstate` varchar(80) NOT NULL,
  `shipzip` varchar(20) NOT NULL,
  `shipcountry` varchar(20) NOT NULL,
  `billaddr1` varchar(80) NOT NULL,
  `billaddr2` varchar(80) DEFAULT NULL,
  `billcity` varchar(80) NOT NULL,
  `billstate` varchar(80) NOT NULL,
  `billzip` varchar(20) NOT NULL,
  `billcountry` varchar(20) NOT NULL,
  `courier` varchar(80) NOT NULL,
  `totalprice` decimal(10,2) NOT NULL,
  `billtofirstname` varchar(80) NOT NULL,
  `billtolastname` varchar(80) NOT NULL,
  `shiptofirstname` varchar(80) NOT NULL,
  `shiptolastname` varchar(80) NOT NULL,
  `creditcard` varchar(80) NOT NULL,
  `exprdate` varchar(7) NOT NULL,
  `cardtype` varchar(80) NOT NULL,
  `locale` varchar(80) NOT NULL,
  PRIMARY KEY (`orderid`)
) ENGINE=InnoDB DEFAULT CHARSET=utf8mb4 COLLATE=utf8mb4_0900_ai_ci;
/*!40101 SET character_set_client = @saved_cs_client */;

--
-- Dumping data for table `orders`
--

LOCK TABLES `orders` WRITE;
/*!40000 ALTER TABLE `orders` DISABLE KEYS */;
INSERT INTO `orders` VALUES (1000,'j2ee','2023-11-04','901 San Antonio Road','MS UCUP02-206','Palo Alto','CA','94303','USA','901 San Antonio Road','MS UCUP02-206','Palo Alto','CA','94303','USA','UPS',18.50,'ABC','XYX','ABC','XYX','999 9999 9999 9999','12/03','Visa','CA'),(1001,'j2ee','2023-11-05','901 San Antonio Road','MS UCUP02-206','Palo Alto','CA','94303','USA','901 San Antonio Road','MS UCUP02-206','Palo Alto','CA','94303','USA','UPS',212.00,'ABC','XYX','ABC','XYX','999 9999 9999 9999','12/03','Visa','CA'),(1002,'leo','2023-11-07','a place in this orld','a place in this world','Changsha','State/Region','410015','中国香港特别行政区','a place in this orld','a place in this world','Changsha','State/Region','410015','中国香港特别行政区','UPS',18.50,'少昆','娄','少昆','娄','999 9999 9999 9999','12/03','Visa','CA'),(1003,'leo','2023-11-08','a place in this orld','a place in this world','Changsha','State/Region','410015','中国香港特别行政区','a place in this orld','a place in this world','Changsha','State/Region','410015','中国香港特别行政区','UPS',18.50,'少昆','娄','少昆','娄','999 9999 9999 9999','12/03','Visa','CA'),(1007,'leo','2023-11-13','a place in this orld','a place in this world','Changsha','State/Region','410015','中国香港特别行政区','a place in this orld','a place in this world','Changsha','State/Region','410015','中国香港特别行政区','UPS',19.00,'少昆','娄','少昆','娄','999999999999','12/03','Visa','CA'),(1008,'leo','2023-11-13','wer','war','ct','rat','410','amer','a place in this orld','a place in this world','Changsha','State/Region','410015','中国香港特别行政区','UPS',19.00,'少昆','娄','leo','yu','999999999999','12/03','Visa','CA'),(1009,'leo','2023-11-13','a place in this orld','a place in this world','Changsha','State/Region','410015','中国香港特别行政区','a place in this orld','a place in this world','Changsha','State/Region','410015','中国香港特别行政区','UPS',109.93,'少昆','娄','少昆','娄','999999999999','12/03','Visa','CA'),(1010,'leo','2023-11-14','a place in this orld','a place in this world','Changsha','State/Region','410015','中国香港特别行政区','a place in this orld','a place in this world','Changsha','State/Region','410015','中国香港特别行政区','UPS',43.00,'少昆','娄','少昆','娄','999999999999','12/03','Visa','CA'),(1011,'leo','2023-11-14','a place in this world','7e8w65464fg','Changsha','Wonderland','410015','卢森堡','a place in this world','7e8w65464fg','Changsha','Wonderland','410015','卢森堡','UPS',228.00,'Leo','Lou','Leo','Lou','999999999999','12/03','Visa','CA'),(1012,'leo','2023-11-14','a place in this world','7e8w65464fg','Changsha','Wonderland','410015','卢森堡','a place in this world','7e8w65464fg','Changsha','Wonderland','410015','卢森堡','UPS',94.00,'Leo','Lou','Leo','Lou','999999999999','12/03','Visa','CA'),(1013,'leo','2023-11-14','a place in this world','7e8w65464fg','Changsha','Wonderland','410015','卢森堡','a place in this world','7e8w65464fg','Changsha','Wonderland','410015','卢森堡','UPS',16.00,'Leo','Lou','Leo','Lou','999999999999','12/03','Visa','CA'),(1014,'leo','2023-11-14','a place in this world','7e8w65464fg','Changsha','Wonderland','410015','卢森堡','a place in this world','7e8w65464fg','Changsha','Wonderland','410015','卢森堡','UPS',795.00,'Leo','Lou','Leo','Lou','999999999999','12/03','Visa','CA'),(1015,'leo','2023-11-15','a place in this world','7e8w65464fg','Changsha','Wondrland','410015','卢森堡','a place in this world','7e8w65464fg','Changsha','Wonderland','410015','卢森堡','UPS',677.00,'Leo','Lou','Leo','Lou','999999999999','12/03','Visa','CA'),(1016,'leo','2023-11-15','a place in this world','7e8w65464fg','Changsha','Wonderland','410015','China','a place in this world','7e8w65464fg','Changsha','Wonderland','410015','China','UPS',96.94,'Leo','Lou','Leo','Lou','999999999999','12/03','Visa','CA');
/*!40000 ALTER TABLE `orders` ENABLE KEYS */;
UNLOCK TABLES;

--
-- Table structure for table `orderstatus`
--

DROP TABLE IF EXISTS `orderstatus`;
/*!40101 SET @saved_cs_client     = @@character_set_client */;
/*!50503 SET character_set_client = utf8mb4 */;
CREATE TABLE `orderstatus` (
  `orderid` int NOT NULL,
  `linenum` int NOT NULL,
  `timestamp` date NOT NULL,
  `status` varchar(2) NOT NULL,
  PRIMARY KEY (`orderid`,`linenum`)
) ENGINE=InnoDB DEFAULT CHARSET=utf8mb4 COLLATE=utf8mb4_0900_ai_ci;
/*!40101 SET character_set_client = @saved_cs_client */;

--
-- Dumping data for table `orderstatus`
--

LOCK TABLES `orderstatus` WRITE;
/*!40000 ALTER TABLE `orderstatus` DISABLE KEYS */;
INSERT INTO `orderstatus` VALUES (1000,1000,'2023-11-04','P'),(1001,1001,'2023-11-05','P'),(1002,1002,'2023-11-07','P'),(1003,1003,'2023-11-08','P'),(1007,1007,'2023-11-13','P'),(1008,1008,'2023-11-13','P'),(1009,1009,'2023-11-13','P'),(1010,1010,'2023-11-14','P'),(1011,1011,'2023-11-14','P'),(1012,1012,'2023-11-14','P'),(1013,1013,'2023-11-14','P'),(1014,1014,'2023-11-14','P'),(1015,1015,'2023-11-15','P'),(1016,1016,'2023-11-15','P');
/*!40000 ALTER TABLE `orderstatus` ENABLE KEYS */;
UNLOCK TABLES;

--
-- Table structure for table `product`
--

DROP TABLE IF EXISTS `product`;
/*!40101 SET @saved_cs_client     = @@character_set_client */;
/*!50503 SET character_set_client = utf8mb4 */;
CREATE TABLE `product` (
  `productid` varchar(10) NOT NULL,
  `category` varchar(10) NOT NULL,
  `name` varchar(80) DEFAULT NULL,
  `descn` varchar(255) DEFAULT NULL,
  `picture` varchar(255) DEFAULT NULL,
  PRIMARY KEY (`productid`),
  KEY `productCat` (`category`),
  KEY `productName` (`name`),
  CONSTRAINT `fk_product_1` FOREIGN KEY (`category`) REFERENCES `category` (`catid`)
) ENGINE=InnoDB DEFAULT CHARSET=utf8mb4 COLLATE=utf8mb4_0900_ai_ci;
/*!40101 SET character_set_client = @saved_cs_client */;

--
-- Dumping data for table `product`
--

LOCK TABLES `product` WRITE;
/*!40000 ALTER TABLE `product` DISABLE KEYS */;
INSERT INTO `product` VALUES ('AV-CB-01','BIRDS','Amazon Parrot','Great companion for up to 75 yea','/images/bird2.gif'),('AV-SB-02','BIRDS','Finch','Great stress reliev','/images/bird1.gif'),('FI-FW-01','FISH','Koi','Fresh Water fish from Jap','/images/fish3.gif'),('FI-FW-02','FISH','Goldfish','Fresh Water fish from Chi','/images/fish2.gif'),('FI-SW-01','FISH','Angelfish','Salt Water fish from Austral','/images/fish1.gif'),('FI-SW-02','FISH','Tiger Shark','Salt Water fish from Austral','/images/fish4.gif'),('FI-SW-10','FISH','Fish 10',' Fish number ','/images/fish10.gif'),('FI-SW-11','FISH','Fish 11',' Fish number ','/images/fish11.gif'),('FI-SW-12','FISH','Fish 12',' Fish number ','/images/fish12.gif'),('FI-SW-13','FISH','Fish 13',' Fish number ','/images/fish13.gif'),('FI-SW-14','FISH','Fish 14',' Fish number ','/images/fish14.gif'),('FI-SW-15','FISH','Fish 15',' Fish number ','/images/fish15.gif'),('FI-SW-16','FISH','Fish 16',' Fish number ','/images/fish16.gif'),('FI-SW-17','FISH','Fish 17',' Fish number ','/images/fish17.gif'),('FI-SW-18','FISH','Fish 18',' Fish number ','/images/fish18.gif'),('FI-SW-19','FISH','Fish 19',' Fish number ','/images/fish19.gif'),('FI-SW-20','FISH','Fish 20',' Fish number ','/images/fish20.gif'),('FI-SW-21','FISH','Fish 21',' Fish number ','/images/fish21.gif'),('FI-SW-22','FISH','Fish 22',' Fish number ','/images/fish22.gif'),('FI-SW-23','FISH','Fish 23',' Fish number ','/images/fish23.gif'),('FI-SW-24','FISH','Fish 24',' Fish number ','/images/fish24.gif'),('FI-SW-25','FISH','Fish 25',' Fish number ','/images/fish25.gif'),('FI-SW-26','FISH','Fish 26',' Fish number ','/images/fish26.gif'),('FI-SW-27','FISH','Fish 27',' Fish number ','/images/fish27.gif'),('FI-SW-28','FISH','Fish 28',' Fish number ','/images/fish28.gif'),('FI-SW-29','FISH','Fish 29',' Fish number ','/images/fish29.gif'),('FI-SW-30','FISH','Fish 30',' Fish number ','/images/fish30.gif'),('FL-DLH-02','CATS','Persian','Friendly house cat, doubles as a prince','/images/cat1.gif'),('FL-DSH-01','CATS','Manx','Great for reducing mouse populatio','/images/cat2.gif'),('K9-BD-01','DOGS','Bulldog','Friendly dog from Engla','/images/dog2.gif'),('K9-CW-01','DOGS','Chihuahua','Great companion d','/images/dog4.gif'),('K9-DL-01','DOGS','Dalmation','Great dog for a Fire Stati','/images/dog5.gif'),('K9-PO-02','DOGS','Poodle','Cute dog from Fran','/images/dog6.gif'),('K9-RT-01','DOGS','Golden Retriever','Great family d','/images/dog1.gif'),('K9-RT-02','DOGS','Labrador Retriever','Great hunting d','/images/dog5.gif'),('RP-LI-02','REPTILES','Iguana','Friendly green frie','/images/lizard1.gif'),('RP-SN-01','REPTILES','Rattlesnake','Doubles as a watch d','/images/snake1.gif');
/*!40000 ALTER TABLE `product` ENABLE KEYS */;
UNLOCK TABLES;

--
-- Table structure for table `profile`
--

DROP TABLE IF EXISTS `profile`;
/*!40101 SET @saved_cs_client     = @@character_set_client */;
/*!50503 SET character_set_client = utf8mb4 */;
CREATE TABLE `profile` (
  `userid` varchar(80) NOT NULL,
  `langpref` varchar(80) NOT NULL,
  `favcategory` varchar(30) DEFAULT NULL,
  `mylistopt` int DEFAULT NULL,
  `banneropt` int DEFAULT NULL,
  PRIMARY KEY (`userid`)
) ENGINE=InnoDB DEFAULT CHARSET=utf8mb4 COLLATE=utf8mb4_0900_ai_ci;
/*!40101 SET character_set_client = @saved_cs_client */;

--
-- Dumping data for table `profile`
--

LOCK TABLES `profile` WRITE;
/*!40000 ALTER TABLE `profile` DISABLE KEYS */;
INSERT INTO `profile` VALUES ('ACID','english','CATS',1,1),('j2ee','english','DOGS',1,1),('leo','english','DOGS',NULL,NULL);
/*!40000 ALTER TABLE `profile` ENABLE KEYS */;
UNLOCK TABLES;

--
-- Table structure for table `sequence`
--

DROP TABLE IF EXISTS `sequence`;
/*!40101 SET @saved_cs_client     = @@character_set_client */;
/*!50503 SET character_set_client = utf8mb4 */;
CREATE TABLE `sequence` (
  `name` varchar(30) NOT NULL,
  `nextid` int NOT NULL,
  PRIMARY KEY (`name`)
) ENGINE=InnoDB DEFAULT CHARSET=utf8mb4 COLLATE=utf8mb4_0900_ai_ci;
/*!40101 SET character_set_client = @saved_cs_client */;

--
-- Dumping data for table `sequence`
--

LOCK TABLES `sequence` WRITE;
/*!40000 ALTER TABLE `sequence` DISABLE KEYS */;
INSERT INTO `sequence` VALUES ('ordernum',1017);
/*!40000 ALTER TABLE `sequence` ENABLE KEYS */;
UNLOCK TABLES;

--
-- Table structure for table `shoplog`
--

DROP TABLE IF EXISTS `shoplog`;
/*!40101 SET @saved_cs_client     = @@character_set_client */;
/*!50503 SET character_set_client = utf8mb4 */;
CREATE TABLE `shoplog` (
  `username` varchar(255) DEFAULT NULL,
  `ip` varchar(255) DEFAULT NULL,
  `time` bigint DEFAULT NULL,
  `action` tinyint DEFAULT NULL,
  `type` tinyint DEFAULT NULL,
  `info` varchar(255) DEFAULT NULL
) ENGINE=InnoDB DEFAULT CHARSET=utf8mb4 COLLATE=utf8mb4_0900_ai_ci;
/*!40101 SET character_set_client = @saved_cs_client */;

--
-- Dumping data for table `shoplog`
--

LOCK TABLES `shoplog` WRITE;
/*!40000 ALTER TABLE `shoplog` DISABLE KEYS */;
INSERT INTO `shoplog` VALUES (NULL,'0:0:0:0:0:0:0:1',0,5,1,'id=6'),(NULL,'0:0:0:0:0:0:0:1',0,5,1,'categoryId=FISH'),(NULL,'0:0:0:0:0:0:0:1',0,5,1,'categoryId=FISH'),(NULL,'0:0:0:0:0:0:0:1',0,5,1,'categoryId=FISH'),(NULL,'0:0:0:0:0:0:0:1',0,5,1,'categoryId=FISH'),(NULL,'0:0:0:0:0:0:0:1',0,5,1,'categoryId=FISH'),(NULL,'0:0:0:0:0:0:0:1',0,5,1,'categoryId=FISH'),(NULL,'0:0:0:0:0:0:0:1',0,5,1,'categoryId=FISH'),(NULL,'0:0:0:0:0:0:0:1',0,5,1,'categoryId=FISH'),(NULL,'0:0:0:0:0:0:0:1',0,5,1,'categoryId=FISH'),(NULL,'0:0:0:0:0:0:0:1',0,5,1,'categoryId=FISH'),(NULL,'0:0:0:0:0:0:0:1',1699383388382,5,1,'categoryId=FISH'),(NULL,'0:0:0:0:0:0:0:1',1699383834513,5,1,'categoryId=FISH'),(NULL,'0:0:0:0:0:0:0:1',1699384253518,5,1,'categoryId=FISH'),(NULL,'0:0:0:0:0:0:0:1',1699384635621,5,1,'categoryId=FISH'),(NULL,'0:0:0:0:0:0:0:1',1699384694622,5,1,'categoryId=FISH'),(NULL,'0:0:0:0:0:0:0:1',1699385689238,5,1,'categoryId=REPTILES'),(NULL,'0:0:0:0:0:0:0:1',1699385691342,5,2,'productId=RP-LI-02'),(NULL,'0:0:0:0:0:0:0:1',1699385695602,5,1,'categoryId=REPTILES'),(NULL,'0:0:0:0:0:0:0:1',1699385696850,5,1,'categoryId=FISH'),(NULL,'0:0:0:0:0:0:0:1',1699385698238,5,2,'productId=FI-FW-01'),(NULL,'0:0:0:0:0:0:0:1',1699385701301,5,3,'itemId=EST-5'),(NULL,'0:0:0:0:0:0:0:1',1699385731473,5,2,'productId=FI-FW-01'),(NULL,'0:0:0:0:0:0:0:1',1699385734134,5,3,'itemId=EST-5'),(NULL,'0:0:0:0:0:0:0:1',1699386108727,5,1,'categoryId=FISH'),(NULL,'0:0:0:0:0:0:0:1',1699386113489,5,2,'productId=FI-SW-27'),(NULL,'0:0:0:0:0:0:0:1',1699386118794,5,2,'productId=FI-FW-01'),(NULL,'0:0:0:0:0:0:0:1',1699400583577,5,1,'categoryId=FISH'),(NULL,'0:0:0:0:0:0:0:1',1699400584062,5,-1,'keyword='),(NULL,'0:0:0:0:0:0:0:1',1699400586294,5,2,'productId=FI-FW-01'),(NULL,'0:0:0:0:0:0:0:1',1699400713032,5,1,'categoryId=FISH'),(NULL,'0:0:0:0:0:0:0:1',1699400713560,5,-1,'keyword='),(NULL,'0:0:0:0:0:0:0:1',1699400716044,5,2,'productId=FI-FW-01'),(NULL,'0:0:0:0:0:0:0:1',1699400716553,5,-1,'keyword='),(NULL,'0:0:0:0:0:0:0:1',1699400718129,5,3,'itemId=EST-4'),(NULL,'0:0:0:0:0:0:0:1',1699400718437,5,-1,'keyword='),(NULL,'0:0:0:0:0:0:0:1',1699400727128,5,3,'itemId=EST-4'),(NULL,'0:0:0:0:0:0:0:1',1699400841772,5,3,'itemId=EST-4'),(NULL,'0:0:0:0:0:0:0:1',1699400851200,5,1,'categoryId=FISH'),(NULL,'0:0:0:0:0:0:0:1',1699400854438,5,2,'productId=FI-FW-02'),(NULL,'0:0:0:0:0:0:0:1',1699400861452,5,3,'itemId=EST-20'),(NULL,'0:0:0:0:0:0:0:1',1699401026025,5,1,'categoryId=FISH'),(NULL,'0:0:0:0:0:0:0:1',1699401189467,5,1,'categoryId=FISH'),(NULL,'0:0:0:0:0:0:0:1',1699407972701,5,1,'categoryId=FISH'),(NULL,'0:0:0:0:0:0:0:1',1699407978834,5,2,'productId=FI-SW-30'),(NULL,'0:0:0:0:0:0:0:1',1699407986006,5,2,'productId=FI-FW-01'),(NULL,'0:0:0:0:0:0:0:1',1699407987653,5,3,'itemId=EST-4'),(NULL,'0:0:0:0:0:0:0:1',1699407989530,5,-1,'workingItemId=EST-4'),(NULL,'0:0:0:0:0:0:0:1',1699408100298,5,1,'categoryId=FISH'),(NULL,'0:0:0:0:0:0:0:1',1699408103152,5,2,'productId=FI-FW-01'),(NULL,'0:0:0:0:0:0:0:1',1699408105631,7,3,'workingItemId=EST-4'),(NULL,'0:0:0:0:0:0:0:1',1699408337357,5,1,'categoryId=DOGS'),(NULL,'0:0:0:0:0:0:0:1',1699408339270,5,2,'productId=K9-BD-01'),(NULL,'0:0:0:0:0:0:0:1',1699408341589,7,3,'workingItemId=EST-6'),(NULL,'0:0:0:0:0:0:0:1',1699408388653,5,-1,'username=uuu'),(NULL,'0:0:0:0:0:0:0:1',1699408391393,5,-1,'orderId=1002'),(NULL,'0:0:0:0:0:0:0:1',1699408441289,5,-1,'orderId=1002'),(NULL,'0:0:0:0:0:0:0:1',1699408486400,5,-1,'orderId=1002'),(NULL,'0:0:0:0:0:0:0:1',1699408695213,5,1,'categoryId=FISH'),(NULL,'0:0:0:0:0:0:0:1',1699408697869,5,2,'productId=FI-FW-01'),(NULL,'0:0:0:0:0:0:0:1',1699408700350,5,3,'itemId=EST-4'),(NULL,'0:0:0:0:0:0:0:1',1699408702287,7,3,'workingItemId=EST-4'),(NULL,'0:0:0:0:0:0:0:1',1699408710659,5,-1,'username=uuu'),(NULL,'0:0:0:0:0:0:0:1',1699408712517,5,-1,'orderId=1002'),(NULL,'0:0:0:0:0:0:0:1',1699410598279,5,1,'categoryId=BIRDS'),('uuu','0:0:0:0:0:0:0:1',1699410901712,5,1,'categoryId=FISH'),('uuu','0:0:0:0:0:0:0:1',1699413846458,5,-1,'username=uuu'),('uuu','0:0:0:0:0:0:0:1',1699413849322,5,-1,'orderId=1002'),('uuu','0:0:0:0:0:0:0:1',1699413852842,5,-1,'orderId=1002'),('uuu','0:0:0:0:0:0:0:1',1699413855471,5,-1,'orderId=1003'),('guest','0:0:0:0:0:0:0:1',1699414106022,5,1,'categoryId=FISH'),('guest','0:0:0:0:0:0:0:1',1699414149552,5,2,'productId=FI-FW-01'),('guest','0:0:0:0:0:0:0:1',1699414152309,5,3,'itemId=EST-4'),('guest','0:0:0:0:0:0:0:1',1699414155400,7,3,'workingItemId=EST-4'),('guest','0:0:0:0:0:0:0:1',1699414163306,7,-1,'quantity=2'),('uuu','0:0:0:0:0:0:0:1',1699414186820,5,1,'categoryId=FISH'),('uuu','0:0:0:0:0:0:0:1',1699414188515,5,2,'productId=FI-FW-01'),('uuu','0:0:0:0:0:0:0:1',1699414190177,5,3,'itemId=EST-4'),('uuu','0:0:0:0:0:0:0:1',1699414191777,7,3,'workingItemId=EST-4'),('uuu','0:0:0:0:0:0:0:1',1699414198050,7,3,'workingItemId=EST-4'),('uuu','0:0:0:0:0:0:0:1',1699414205012,7,3,'workingItemId=EST-4'),('guest','0:0:0:0:0:0:0:1',1699414234623,7,3,'workingItemId=EST-4'),('guest','0:0:0:0:0:0:0:1',1699414376808,7,3,'workingItemId=EST-4'),('guest','0:0:0:0:0:0:0:1',1699414475078,5,1,'categoryId=FISH'),('guest','0:0:0:0:0:0:0:1',1699414480048,5,2,'productId=FI-FW-01'),('guest','0:0:0:0:0:0:0:1',1699414482740,5,3,'itemId=EST-4'),('guest','0:0:0:0:0:0:0:1',1699414484752,7,3,'workingItemId=EST-4'),('uuu','0:0:0:0:0:0:0:1',1699414513686,5,1,'categoryId=FISH'),('uuu','0:0:0:0:0:0:0:1',1699414515315,5,2,'productId=FI-FW-01'),('uuu','0:0:0:0:0:0:0:1',1699414516754,5,3,'itemId=EST-4'),('uuu','0:0:0:0:0:0:0:1',1699414518548,7,3,'workingItemId=EST-4'),('guest','0:0:0:0:0:0:0:1',1699414582876,5,1,'categoryId=FISH'),('guest','0:0:0:0:0:0:0:1',1699414586599,5,2,'productId=FI-FW-01'),('guest','0:0:0:0:0:0:0:1',1699414589457,5,3,'itemId=EST-4'),('guest','0:0:0:0:0:0:0:1',1699414730340,7,3,'workingItemId=EST-4'),('uuu','0:0:0:0:0:0:0:1',1699414747549,5,1,'categoryId=FISH'),('uuu','0:0:0:0:0:0:0:1',1699414749853,5,2,'productId=FI-FW-01'),('uuu','0:0:0:0:0:0:0:1',1699414752331,5,3,'itemId=EST-4'),('uuu','0:0:0:0:0:0:0:1',1699414754262,7,3,'workingItemId=EST-4'),('uuu','0:0:0:0:0:0:0:1',1699414767815,7,3,'workingItemId=EST-4'),('uuu','0:0:0:0:0:0:0:1',1699414836791,7,3,'workingItemId=EST-4'),('uuu','0:0:0:0:0:0:0:1',1699414836791,5,3,'itemId=EST-4'),('uuu','0:0:0:0:0:0:0:1',1699455693046,5,-1,'username=uuu'),('uuu','0:0:0:0:0:0:0:1',1699455700653,5,-1,'orderId=1002'),('guest','0:0:0:0:0:0:0:1',1699456043368,5,1,'categoryId=FISH'),('guest','0:0:0:0:0:0:0:1',1699456046267,5,2,'productId=FI-FW-01'),('guest','0:0:0:0:0:0:0:1',1699456052167,7,3,'workingItemId=EST-4'),('guest','0:0:0:0:0:0:0:1',1699456199504,7,-1,'quantity=1'),('uuu','0:0:0:0:0:0:0:1',1699502216635,5,-1,'username=uuu'),('uuu','0:0:0:0:0:0:0:1',1699502219003,5,-1,'orderId=1002'),('uuu','0:0:0:0:0:0:0:1',1699502228734,5,-1,'orderId=1002'),('uuu','0:0:0:0:0:0:0:1',1699502283099,5,-1,'orderId=1002'),('uuu','0:0:0:0:0:0:0:1',1699503252830,5,-1,'username=uuu'),('guest','0:0:0:0:0:0:0:1',1699503346994,5,-1,'username=uuu'),('guest','0:0:0:0:0:0:0:1',1699503432294,5,-1,'username=uuu'),('guest','0:0:0:0:0:0:0:1',1699503490244,5,-1,'username=uuu'),('guest','0:0:0:0:0:0:0:1',1699503534662,5,-1,'orderId=1002'),('uuu','0:0:0:0:0:0:0:1',1699503718828,5,-1,'username=uuu'),('uuu','0:0:0:0:0:0:0:1',1699503720986,5,-1,'orderId=1003'),('uuu','0:0:0:0:0:0:0:1',1699503728308,5,-1,NULL),('uuu','0:0:0:0:0:0:0:1',1699503733691,5,-1,NULL),('guest','0:0:0:0:0:0:0:1',1699504117091,5,1,'categoryId=FISH'),('guest','0:0:0:0:0:0:0:1',1699504119671,5,2,'productId=FI-FW-01'),('guest','0:0:0:0:0:0:0:1',1699504121450,5,3,'itemId=EST-4'),('guest','0:0:0:0:0:0:0:1',1699504124321,7,3,'workingItemId=EST-4'),('guest','0:0:0:0:0:0:0:1',1699504141633,5,3,'itemId=EST-5'),('guest','0:0:0:0:0:0:0:1',1699504143082,7,3,'workingItemId=EST-5'),('uuu','0:0:0:0:0:0:0:1',1699504171870,5,1,'categoryId=FISH'),('uuu','0:0:0:0:0:0:0:1',1699504173704,5,2,'productId=FI-FW-02'),('uuu','0:0:0:0:0:0:0:1',1699504175153,5,3,'itemId=EST-20'),('uuu','0:0:0:0:0:0:0:1',1699504176846,7,3,'workingItemId=EST-20'),('uuu','0:0:0:0:0:0:0:1',1699504189930,9,2,NULL),('uuu','0:0:0:0:0:0:0:1',1699504195082,5,1,'categoryId=CATS'),('uuu','0:0:0:0:0:0:0:1',1699504197299,5,2,'productId=FL-DLH-02'),('uuu','0:0:0:0:0:0:0:1',1699504198653,5,3,'itemId=EST-16'),('uuu','0:0:0:0:0:0:0:1',1699504200469,7,3,'workingItemId=EST-16'),('uuu','0:0:0:0:0:0:0:1',1699504342220,7,3,'workingItemId=EST-16'),('uuu','0:0:0:0:0:0:0:1',1699504350770,5,3,'itemId=EST-17'),('uuu','0:0:0:0:0:0:0:1',1699504352259,7,3,'workingItemId=EST-17'),('uuu','0:0:0:0:0:0:0:1',1699504363269,5,3,'itemId=EST-16'),('uuu','0:0:0:0:0:0:0:1',1699504364571,7,3,'workingItemId=EST-16'),('uuu','0:0:0:0:0:0:0:1',1699504373669,7,3,'workingItemId=EST-16'),('uuu','0:0:0:0:0:0:0:1',1699504400656,7,3,'workingItemId=EST-16'),('uuu','0:0:0:0:0:0:0:1',1699529291818,5,-1,NULL),('uuu','0:0:0:0:0:0:0:1',1699529446477,5,-1,'username=uuu'),('guest','0:0:0:0:0:0:0:1',1699529610379,5,-1,'username=uuu'),('guest','0:0:0:0:0:0:0:1',1699529735961,5,-1,'username=uuu'),('guest','0:0:0:0:0:0:0:1',1699529859120,5,-1,'username=uuu'),('guest','0:0:0:0:0:0:0:1',1699529869372,5,-1,'username=uuu'),('guest','0:0:0:0:0:0:0:1',1699530050274,5,-1,'username=uuu'),('guest','0:0:0:0:0:0:0:1',1699530290219,5,-1,'username=uuu'),('guest','0:0:0:0:0:0:0:1',1699530699111,5,-1,'username=uuu'),('guest','0:0:0:0:0:0:0:1',1699530737655,5,-1,'username=uuu'),('guest','0:0:0:0:0:0:0:1',1699530752079,5,-1,'username=uuu'),('guest','0:0:0:0:0:0:0:1',1699530757511,5,-1,'quantity=2'),('guest','0:0:0:0:0:0:0:1',1699531977469,5,1,'categoryId=FISH'),('guest','0:0:0:0:0:0:0:1',1699531981808,5,2,'productId=FI-FW-01'),('guest','0:0:0:0:0:0:0:1',1699532116693,5,2,'productId=FI-FW-01'),('guest','0:0:0:0:0:0:0:1',1699532858532,5,2,'productId=FI-FW-01'),('guest','0:0:0:0:0:0:0:1',1699533114805,5,2,'productId=FI-FW-01'),('guest','0:0:0:0:0:0:0:1',1699533289433,5,2,'productId=FI-FW-01'),('guest','0:0:0:0:0:0:0:1',1699533431524,5,2,'productId=FI-FW-01'),('guest','0:0:0:0:0:0:0:1',1699533700541,5,2,'productId=FI-FW-01'),('guest','0:0:0:0:0:0:0:1',1699533875904,5,2,'productId=FI-FW-01'),('guest','0:0:0:0:0:0:0:1',1699534006997,5,2,'productId=FI-FW-01'),('guest','0:0:0:0:0:0:0:1',1699534085987,5,2,'productId=FI-FW-01'),('guest','0:0:0:0:0:0:0:1',1699534095581,5,2,'productId=FI-FW-01'),('guest','0:0:0:0:0:0:0:1',1699534115513,5,3,'itemId=EST-5'),('guest','0:0:0:0:0:0:0:1',1699534121886,5,2,'productId=FI-FW-02'),('guest','0:0:0:0:0:0:0:1',1699534163288,5,2,'productId=FI-FW-01'),('guest','0:0:0:0:0:0:0:1',1699534282033,5,1,'categoryId=FISH'),('guest','0:0:0:0:0:0:0:1',1699534311721,5,2,'productId=FI-FW-01'),('guest','0:0:0:0:0:0:0:1',1699534313762,7,3,'workingItemId=EST-5'),('guest','0:0:0:0:0:0:0:1',1699534387935,7,3,'workingItemId=EST-5'),('guest','0:0:0:0:0:0:0:1',1699534500751,7,3,'workingItemId=EST-5'),('guest','0:0:0:0:0:0:0:1',1699534577135,5,2,'productId=FI-FW-01'),('guest','0:0:0:0:0:0:0:1',1699534595991,5,1,'categoryId=FISH'),('guest','0:0:0:0:0:0:0:1',1699534621001,5,1,'categoryId=FISH'),('guest','0:0:0:0:0:0:0:1',1699534622686,5,2,'productId=FI-FW-01'),('guest','0:0:0:0:0:0:0:1',1699534626488,7,3,'workingItemId=EST-5'),('guest','0:0:0:0:0:0:0:1',1699534649324,5,2,'productId=FI-FW-01?uu=9'),('guest','0:0:0:0:0:0:0:1',1699534703153,7,3,'workingItemId=EST-5'),('guest','0:0:0:0:0:0:0:1',1699534793921,5,1,'categoryId=FISH'),('guest','0:0:0:0:0:0:0:1',1699534797941,5,2,'productId=FI-FW-01'),('guest','0:0:0:0:0:0:0:1',1699534800398,7,3,'workingItemId=EST-5'),('guest','0:0:0:0:0:0:0:1',1699535866646,5,1,'categoryId=FISH'),('guest','0:0:0:0:0:0:0:1',1699535872001,5,2,'productId=FI-FW-01'),('guest','0:0:0:0:0:0:0:1',1699536015798,5,2,'productId=FI-FW-01'),('guest','0:0:0:0:0:0:0:1',1699536038827,5,2,'productId=FI-FW-01'),('guest','0:0:0:0:0:0:0:1',1699536843247,5,2,'productId=FI-FW-01'),('guest','0:0:0:0:0:0:0:1',1699540583051,5,2,'productId=FI-FW-01'),('guest','0:0:0:0:0:0:0:1',1699540736588,5,1,'categoryId=FISH'),('guest','0:0:0:0:0:0:0:1',1699540739499,5,2,'productId=FI-FW-01'),('guest','0:0:0:0:0:0:0:1',1699540899850,5,1,'categoryId=FISH'),('guest','0:0:0:0:0:0:0:1',1699540948533,5,2,'productId=FI-SW-26'),('guest','0:0:0:0:0:0:0:1',1699540977913,5,2,'productId=FI-SW-29'),('guest','0:0:0:0:0:0:0:1',1699540988229,5,2,'productId=FI-SW-26'),('guest','0:0:0:0:0:0:0:1',1699540992256,5,1,'categoryId=FISH'),('guest','0:0:0:0:0:0:0:1',1699540993612,5,2,'productId=FI-FW-02'),('guest','0:0:0:0:0:0:0:1',1699541000965,5,2,'productId=FI-SW-01'),('guest','0:0:0:0:0:0:0:1',1699541004687,5,2,'productId=FI-SW-10'),('guest','0:0:0:0:0:0:0:1',1699541008465,5,2,'productId=FI-SW-13'),('guest','0:0:0:0:0:0:0:1',1699541015338,5,2,'productId=FI-FW-01'),('guest','0:0:0:0:0:0:0:1',1699541092307,5,1,'categoryId=FISH'),('guest','0:0:0:0:0:0:0:1',1699541099753,5,2,'productId=FI-FW-01'),('guest','0:0:0:0:0:0:0:1',1699541121307,5,2,'productId=FI-FW-02'),('guest','0:0:0:0:0:0:0:1',1699541286545,5,2,'productId=FI-FW-01'),('guest','0:0:0:0:0:0:0:1',1699541702724,5,1,'categoryId=FISH'),('guest','0:0:0:0:0:0:0:1',1699541706837,5,2,'productId=FI-FW-01'),('guest','0:0:0:0:0:0:0:1',1699541712258,5,2,'productId=FI-FW-02'),('guest','0:0:0:0:0:0:0:1',1699541715018,5,2,'productId=FI-FW-01'),('guest','0:0:0:0:0:0:0:1',1699541819042,5,2,'productId=FI-FW-01'),('guest','0:0:0:0:0:0:0:1',1699541830087,5,2,'productId=FI-FW-02'),('guest','0:0:0:0:0:0:0:1',1699541836140,5,2,'productId=FI-FW-01'),('guest','0:0:0:0:0:0:0:1',1699541837508,5,3,'itemId=EST-4'),('guest','0:0:0:0:0:0:0:1',1699541841390,5,3,'itemId=EST-5'),('guest','0:0:0:0:0:0:0:1',1699545028884,5,1,'categoryId=FISH'),('guest','0:0:0:0:0:0:0:1',1699545031517,5,2,'productId=FI-FW-01'),('guest','0:0:0:0:0:0:0:1',1699545184526,5,1,'categoryId=FISH'),('guest','0:0:0:0:0:0:0:1',1699545186823,5,2,'productId=FI-FW-01'),('guest','0:0:0:0:0:0:0:1',1699545364627,5,1,'categoryId=FISH'),('guest','0:0:0:0:0:0:0:1',1699545366870,5,2,'productId=FI-FW-01'),('guest','0:0:0:0:0:0:0:1',1699545399201,5,1,'categoryId=FISH'),('guest','0:0:0:0:0:0:0:1',1699545400702,5,2,'productId=FI-FW-01'),('guest','0:0:0:0:0:0:0:1',1699545867571,5,1,'categoryId=FISH'),('guest','0:0:0:0:0:0:0:1',1699545873670,5,2,'productId=FI-FW-01'),('guest','0:0:0:0:0:0:0:1',1699545998891,5,1,'categoryId=FISH'),('guest','0:0:0:0:0:0:0:1',1699546002931,5,2,'productId=FI-FW-01'),('guest','0:0:0:0:0:0:0:1',1699546054251,5,1,'categoryId=FISH'),('guest','0:0:0:0:0:0:0:1',1699546056146,5,2,'productId=FI-FW-01'),('guest','0:0:0:0:0:0:0:1',1699546138303,5,1,'categoryId=FISH'),('guest','0:0:0:0:0:0:0:1',1699546145291,5,2,'productId=FI-FW-01'),('guest','0:0:0:0:0:0:0:1',1699546220276,5,1,'categoryId=FISH'),('guest','0:0:0:0:0:0:0:1',1699546222542,5,2,'productId=FI-FW-01'),('guest','0:0:0:0:0:0:0:1',1699546368161,5,1,'categoryId=FISH'),('guest','0:0:0:0:0:0:0:1',1699546373215,5,2,'productId=FI-FW-01'),('guest','0:0:0:0:0:0:0:1',1699546762950,7,3,'workingItemId=EST-100'),('guest','0:0:0:0:0:0:0:1',1699546806107,7,3,'workingItemId=EST-100'),('guest','0:0:0:0:0:0:0:1',1699546809477,7,3,'workingItemId=EST-100'),('guest','0:0:0:0:0:0:0:1',1699546860400,5,1,'categoryId=FISH'),('guest','0:0:0:0:0:0:0:1',1699546862326,5,2,'productId=FI-FW-01'),('guest','0:0:0:0:0:0:0:1',1699546867004,7,3,'workingItemId=EST-100'),('guest','0:0:0:0:0:0:0:1',1699546867015,7,3,'workingItemId=EST-100'),('guest','0:0:0:0:0:0:0:1',1699546867023,7,3,'workingItemId=EST-100'),('guest','0:0:0:0:0:0:0:1',1699546867023,7,3,'workingItemId=EST-100'),('guest','0:0:0:0:0:0:0:1',1699546867042,7,3,'workingItemId=EST-100'),('guest','0:0:0:0:0:0:0:1',1699546867042,7,3,'workingItemId=EST-100'),('guest','0:0:0:0:0:0:0:1',1699546867056,7,3,'workingItemId=EST-100'),('guest','0:0:0:0:0:0:0:1',1699546867072,7,3,'workingItemId=EST-100'),('guest','0:0:0:0:0:0:0:1',1699546867072,7,3,'workingItemId=EST-100'),('guest','0:0:0:0:0:0:0:1',1699546867090,7,3,'workingItemId=EST-100'),('guest','0:0:0:0:0:0:0:1',1699546867090,7,3,'workingItemId=EST-100'),('guest','0:0:0:0:0:0:0:1',1699546867108,7,3,'workingItemId=EST-100'),('guest','0:0:0:0:0:0:0:1',1699546867122,7,3,'workingItemId=EST-100'),('guest','0:0:0:0:0:0:0:1',1699546867122,7,3,'workingItemId=EST-100'),('guest','0:0:0:0:0:0:0:1',1699546867139,7,3,'workingItemId=EST-100'),('guest','0:0:0:0:0:0:0:1',1699546867139,7,3,'workingItemId=EST-100'),('guest','0:0:0:0:0:0:0:1',1699546867158,7,3,'workingItemId=EST-100'),('guest','0:0:0:0:0:0:0:1',1699546867158,7,3,'workingItemId=EST-100'),('guest','0:0:0:0:0:0:0:1',1699546867172,7,3,'workingItemId=EST-100'),('guest','0:0:0:0:0:0:0:1',1699546867172,7,3,'workingItemId=EST-100'),('guest','0:0:0:0:0:0:0:1',1699546868265,7,3,'workingItemId=EST-100'),('guest','0:0:0:0:0:0:0:1',1699546868272,7,3,'workingItemId=EST-100'),('guest','0:0:0:0:0:0:0:1',1699546868287,7,3,'workingItemId=EST-100'),('guest','0:0:0:0:0:0:0:1',1699546868293,7,3,'workingItemId=EST-100'),('guest','0:0:0:0:0:0:0:1',1699546868309,7,3,'workingItemId=EST-100'),('guest','0:0:0:0:0:0:0:1',1699546868323,7,3,'workingItemId=EST-100'),('guest','0:0:0:0:0:0:0:1',1699546868323,7,3,'workingItemId=EST-100'),('guest','0:0:0:0:0:0:0:1',1699546868338,7,3,'workingItemId=EST-100'),('guest','0:0:0:0:0:0:0:1',1699546868364,7,3,'workingItemId=EST-100'),('guest','0:0:0:0:0:0:0:1',1699546868374,7,3,'workingItemId=EST-100'),('guest','0:0:0:0:0:0:0:1',1699546868387,7,3,'workingItemId=EST-100'),('guest','0:0:0:0:0:0:0:1',1699546868388,7,3,'workingItemId=EST-100'),('guest','0:0:0:0:0:0:0:1',1699546868404,7,3,'workingItemId=EST-100'),('guest','0:0:0:0:0:0:0:1',1699546868405,7,3,'workingItemId=EST-100'),('guest','0:0:0:0:0:0:0:1',1699546868426,7,3,'workingItemId=EST-100'),('guest','0:0:0:0:0:0:0:1',1699546868437,7,3,'workingItemId=EST-100'),('guest','0:0:0:0:0:0:0:1',1699546868445,7,3,'workingItemId=EST-100'),('guest','0:0:0:0:0:0:0:1',1699546868455,7,3,'workingItemId=EST-100'),('guest','0:0:0:0:0:0:0:1',1699546868458,7,3,'workingItemId=EST-100'),('guest','0:0:0:0:0:0:0:1',1699546868474,7,3,'workingItemId=EST-100'),('guest','0:0:0:0:0:0:0:1',1699546873515,7,3,'workingItemId=EST-100'),('guest','0:0:0:0:0:0:0:1',1699546873527,7,3,'workingItemId=EST-100'),('guest','0:0:0:0:0:0:0:1',1699546873539,7,3,'workingItemId=EST-100'),('guest','0:0:0:0:0:0:0:1',1699546873539,7,3,'workingItemId=EST-100'),('guest','0:0:0:0:0:0:0:1',1699546873559,7,3,'workingItemId=EST-100'),('guest','0:0:0:0:0:0:0:1',1699546873559,7,3,'workingItemId=EST-100'),('guest','0:0:0:0:0:0:0:1',1699546873572,7,3,'workingItemId=EST-100'),('guest','0:0:0:0:0:0:0:1',1699546873572,7,3,'workingItemId=EST-100'),('guest','0:0:0:0:0:0:0:1',1699546873589,7,3,'workingItemId=EST-100'),('guest','0:0:0:0:0:0:0:1',1699546873589,7,3,'workingItemId=EST-100'),('guest','0:0:0:0:0:0:0:1',1699546873607,7,3,'workingItemId=EST-100'),('guest','0:0:0:0:0:0:0:1',1699546873607,7,3,'workingItemId=EST-100'),('guest','0:0:0:0:0:0:0:1',1699546873622,7,3,'workingItemId=EST-100'),('guest','0:0:0:0:0:0:0:1',1699546873622,7,3,'workingItemId=EST-100'),('guest','0:0:0:0:0:0:0:1',1699546873639,7,3,'workingItemId=EST-100'),('guest','0:0:0:0:0:0:0:1',1699546873639,7,3,'workingItemId=EST-100'),('guest','0:0:0:0:0:0:0:1',1699546873657,7,3,'workingItemId=EST-100'),('guest','0:0:0:0:0:0:0:1',1699546873657,7,3,'workingItemId=EST-100'),('guest','0:0:0:0:0:0:0:1',1699546873672,7,3,'workingItemId=EST-100'),('guest','0:0:0:0:0:0:0:1',1699546873672,7,3,'workingItemId=EST-100'),('guest','0:0:0:0:0:0:0:1',1699546876762,7,3,'workingItemId=EST-100'),('guest','0:0:0:0:0:0:0:1',1699546876779,7,3,'workingItemId=EST-100'),('guest','0:0:0:0:0:0:0:1',1699546876789,7,3,'workingItemId=EST-100'),('guest','0:0:0:0:0:0:0:1',1699546876789,7,3,'workingItemId=EST-100'),('guest','0:0:0:0:0:0:0:1',1699546876807,7,3,'workingItemId=EST-100'),('guest','0:0:0:0:0:0:0:1',1699546876807,7,3,'workingItemId=EST-100'),('guest','0:0:0:0:0:0:0:1',1699546876822,7,3,'workingItemId=EST-100'),('guest','0:0:0:0:0:0:0:1',1699546876822,7,3,'workingItemId=EST-100'),('guest','0:0:0:0:0:0:0:1',1699546876843,7,3,'workingItemId=EST-100'),('guest','0:0:0:0:0:0:0:1',1699546876854,7,3,'workingItemId=EST-100'),('guest','0:0:0:0:0:0:0:1',1699546876855,7,3,'workingItemId=EST-100'),('guest','0:0:0:0:0:0:0:1',1699546876855,7,3,'workingItemId=EST-100'),('guest','0:0:0:0:0:0:0:1',1699546876876,7,3,'workingItemId=EST-100'),('guest','0:0:0:0:0:0:0:1',1699546876876,7,3,'workingItemId=EST-100'),('guest','0:0:0:0:0:0:0:1',1699546876893,7,3,'workingItemId=EST-100'),('guest','0:0:0:0:0:0:0:1',1699546876904,7,3,'workingItemId=EST-100'),('guest','0:0:0:0:0:0:0:1',1699546876905,7,3,'workingItemId=EST-100'),('guest','0:0:0:0:0:0:0:1',1699546876919,7,3,'workingItemId=EST-100'),('guest','0:0:0:0:0:0:0:1',1699546876921,7,3,'workingItemId=EST-100'),('guest','0:0:0:0:0:0:0:1',1699546876921,7,3,'workingItemId=EST-100'),('guest','0:0:0:0:0:0:0:1',1699546971865,5,1,'categoryId=FISH'),('guest','0:0:0:0:0:0:0:1',1699546976875,5,2,'productId=FI-FW-01'),('guest','0:0:0:0:0:0:0:1',1699546980373,7,3,'workingItemId=EST-100'),('guest','0:0:0:0:0:0:0:1',1699547048112,5,2,'productId=FI-FW-01'),('guest','0:0:0:0:0:0:0:1',1699547052723,7,3,'workingItemId=EST-100'),('guest','0:0:0:0:0:0:0:1',1699547155979,7,3,'workingItemId=EST-100'),('guest','0:0:0:0:0:0:0:1',1699547187383,5,1,'categoryId=FISH'),('guest','0:0:0:0:0:0:0:1',1699547189582,5,2,'productId=FI-FW-01'),('guest','0:0:0:0:0:0:0:1',1699547191665,7,3,'workingItemId=EST-101'),('guest','0:0:0:0:0:0:0:1',1699715049729,5,1,'categoryId=FISH'),('guest','0:0:0:0:0:0:0:1',1699715053044,5,2,'productId=FI-FW-01'),('guest','0:0:0:0:0:0:0:1',1699715055712,5,3,'itemId=EST-100'),('guest','0:0:0:0:0:0:0:1',1699715057618,7,3,'workingItemId=EST-100'),('guest','0:0:0:0:0:0:0:1',1699715320205,5,1,'categoryId=FISH'),('guest','0:0:0:0:0:0:0:1',1699715323629,5,2,'productId=FI-FW-01'),('guest','0:0:0:0:0:0:0:1',1699715326101,7,3,'workingItemId=EST-100'),('guest','0:0:0:0:0:0:0:1',1699715379152,7,3,'workingItemId=EST-100'),('guest','0:0:0:0:0:0:0:1',1699715633271,7,3,'workingItemId=EST-100'),('guest','0:0:0:0:0:0:0:1',1699715743398,5,1,'categoryId=FISH'),('guest','0:0:0:0:0:0:0:1',1699715746850,5,2,'productId=FI-FW-01'),('guest','0:0:0:0:0:0:0:1',1699715748917,7,3,'workingItemId=EST-100'),('guest','0:0:0:0:0:0:0:1',1699715984533,5,1,'categoryId=FISH'),('guest','0:0:0:0:0:0:0:1',1699715987449,5,2,'productId=FI-FW-01'),('guest','0:0:0:0:0:0:0:1',1699715990395,7,3,'workingItemId=EST-100'),('uuu','0:0:0:0:0:0:0:1',1699716079804,7,3,'workingItemId=EST-100'),('guest','0:0:0:0:0:0:0:1',1699717379980,5,1,'categoryId=FISH'),('guest','0:0:0:0:0:0:0:1',1699717391507,5,1,'categoryId=FISH'),('guest','0:0:0:0:0:0:0:1',1699717393432,5,2,'productId=FI-FW-01'),('guest','0:0:0:0:0:0:0:1',1699717395416,5,3,'itemId=EST-100'),('guest','0:0:0:0:0:0:0:1',1699717410433,9,2,NULL),('guest','0:0:0:0:0:0:0:1',1699717425955,5,3,'itemId=EST-100'),('guest','0:0:0:0:0:0:0:1',1699718058741,5,1,'categoryId=FISH'),('guest','0:0:0:0:0:0:0:1',1699718062192,5,2,'productId=FI-FW-01'),('guest','0:0:0:0:0:0:0:1',1699718064313,5,3,'itemId=EST-100'),('guest','0:0:0:0:0:0:0:1',1699718078482,5,3,'itemId=EST-100'),('guest','0:0:0:0:0:0:0:1',1699718162241,5,3,'itemId=EST-100'),('guest','0:0:0:0:0:0:0:1',1699718178114,5,3,'itemId=EST-100'),('guest','0:0:0:0:0:0:0:1',1699718265827,5,3,'itemId=EST-100'),('guest','0:0:0:0:0:0:0:1',1699718627254,5,3,'itemId=EST-100'),('guest','0:0:0:0:0:0:0:1',1699718635206,5,3,'itemId=EST-100'),('guest','0:0:0:0:0:0:0:1',1699718637338,5,3,'itemId=EST-100'),('guest','0:0:0:0:0:0:0:1',1699718638250,5,3,'itemId=EST-100'),('guest','0:0:0:0:0:0:0:1',1699718638890,5,3,'itemId=EST-100'),('guest','0:0:0:0:0:0:0:1',1699718639263,5,3,'itemId=EST-100'),('guest','0:0:0:0:0:0:0:1',1699718661720,5,1,'categoryId=FISH'),('guest','0:0:0:0:0:0:0:1',1699718663532,5,2,'productId=FI-FW-01'),('guest','0:0:0:0:0:0:0:1',1699718665454,5,3,'itemId=EST-100'),('guest','0:0:0:0:0:0:0:1',1699718697058,5,3,'itemId=EST-100'),('guest','0:0:0:0:0:0:0:1',1699718724982,5,3,'itemId=EST-100'),('guest','0:0:0:0:0:0:0:1',1699718766888,5,3,'itemId=EST-100'),('guest','0:0:0:0:0:0:0:1',1699718830067,5,1,'categoryId=FISH'),('guest','0:0:0:0:0:0:0:1',1699718833118,5,2,'productId=FI-FW-01'),('guest','0:0:0:0:0:0:0:1',1699718834901,5,3,'itemId=EST-100'),('guest','0:0:0:0:0:0:0:1',1699718860579,5,3,'itemId=EST-106'),('guest','0:0:0:0:0:0:0:1',1699718865940,5,1,'categoryId=REPTILES'),('guest','0:0:0:0:0:0:0:1',1699718868179,5,2,'productId=RP-LI-02'),('guest','0:0:0:0:0:0:0:1',1699718870065,5,3,'itemId=EST-13'),('guest','0:0:0:0:0:0:0:1',1699719630572,5,1,'categoryId=FISH'),('guest','0:0:0:0:0:0:0:1',1699719633629,5,2,'productId=FI-FW-01'),('guest','0:0:0:0:0:0:0:1',1699719635484,5,3,'itemId=EST-100'),('guest','0:0:0:0:0:0:0:1',1699719870365,5,3,'itemId=EST-100'),('guest','0:0:0:0:0:0:0:1',1699719879652,5,3,'itemId=EST-100'),('guest','0:0:0:0:0:0:0:1',1699720062008,5,3,'itemId=EST-100'),('guest','0:0:0:0:0:0:0:1',1699720068083,5,3,'itemId=EST-100'),('guest','0:0:0:0:0:0:0:1',1699720074063,5,1,'categoryId=FISH'),('guest','0:0:0:0:0:0:0:1',1699720076201,5,2,'productId=FI-FW-01'),('guest','0:0:0:0:0:0:0:1',1699720077891,5,3,'itemId=EST-100'),('guest','0:0:0:0:0:0:0:1',1699720121766,5,3,'itemId=EST-100'),('guest','0:0:0:0:0:0:0:1',1699720134729,5,3,'itemId=EST-100'),('guest','0:0:0:0:0:0:0:1',1699720248405,5,3,'itemId=EST-100'),('guest','0:0:0:0:0:0:0:1',1699721202192,5,3,'itemId=EST-100'),('guest','0:0:0:0:0:0:0:1',1699721507867,5,3,'itemId=EST-100'),('guest','0:0:0:0:0:0:0:1',1699721567507,5,3,'itemId=EST-100'),('guest','0:0:0:0:0:0:0:1',1699721694809,5,3,'itemId=EST-100'),('guest','0:0:0:0:0:0:0:1',1699721750117,5,3,'itemId=EST-100'),('guest','0:0:0:0:0:0:0:1',1699721837525,5,3,'itemId=EST-100'),('guest','0:0:0:0:0:0:0:1',1699721844046,5,3,'itemId=EST-100'),('guest','0:0:0:0:0:0:0:1',1699721845230,5,3,'itemId=EST-100'),('guest','0:0:0:0:0:0:0:1',1699721846444,5,3,'itemId=EST-100'),('guest','0:0:0:0:0:0:0:1',1699721847524,5,3,'itemId=EST-100'),('guest','0:0:0:0:0:0:0:1',1699721848254,5,3,'itemId=EST-100'),('guest','0:0:0:0:0:0:0:1',1699721849010,5,3,'itemId=EST-100'),('guest','0:0:0:0:0:0:0:1',1699721850097,5,3,'itemId=EST-100'),('guest','0:0:0:0:0:0:0:1',1699721850828,5,3,'itemId=EST-100'),('guest','0:0:0:0:0:0:0:1',1699721851398,5,3,'itemId=EST-100'),('guest','0:0:0:0:0:0:0:1',1699721851919,5,3,'itemId=EST-100'),('guest','0:0:0:0:0:0:0:1',1699722069281,5,3,'itemId=EST-100'),('guest','0:0:0:0:0:0:0:1',1699722152896,5,3,'itemId=EST-100'),('guest','0:0:0:0:0:0:0:1',1699722341695,5,3,'itemId=EST-100'),('guest','0:0:0:0:0:0:0:1',1699722360559,5,3,'itemId=EST-100'),('guest','0:0:0:0:0:0:0:1',1699722463670,5,3,'itemId=EST-100'),('guest','0:0:0:0:0:0:0:1',1699723697725,5,3,'itemId=EST-100'),('guest','0:0:0:0:0:0:0:1',1699723710954,5,3,'itemId=EST-100'),('guest','0:0:0:0:0:0:0:1',1699723726716,5,3,'itemId=EST-100'),('guest','0:0:0:0:0:0:0:1',1699723974891,5,3,'itemId=EST-100'),('guest','0:0:0:0:0:0:0:1',1699723978305,5,-1,NULL),('guest','0:0:0:0:0:0:0:1',1699723984440,5,3,'itemId=EST-100'),('guest','0:0:0:0:0:0:0:1',1699723984567,5,-1,NULL),('guest','0:0:0:0:0:0:0:1',1699724058564,5,3,'itemId=EST-100'),('guest','0:0:0:0:0:0:0:1',1699724060149,5,-1,NULL),('guest','0:0:0:0:0:0:0:1',1699724070269,5,3,'itemId=EST-100'),('guest','0:0:0:0:0:0:0:1',1699724071463,5,-1,NULL),('guest','0:0:0:0:0:0:0:1',1699724106488,5,-1,NULL),('guest','0:0:0:0:0:0:0:1',1699724263427,5,3,'itemId=EST-100'),('guest','0:0:0:0:0:0:0:1',1699724267382,5,-1,NULL),('guest','0:0:0:0:0:0:0:1',1699724401019,5,3,'itemId=EST-100'),('guest','0:0:0:0:0:0:0:1',1699724404273,5,-1,NULL),('guest','0:0:0:0:0:0:0:1',1699724474055,5,3,'itemId=EST-100'),('guest','0:0:0:0:0:0:0:1',1699724477039,5,-1,NULL),('guest','0:0:0:0:0:0:0:1',1699724542378,5,3,'itemId=EST-100'),('guest','0:0:0:0:0:0:0:1',1699724542587,5,-1,NULL),('guest','0:0:0:0:0:0:0:1',1699724652944,5,1,'categoryId=FISH'),('guest','0:0:0:0:0:0:0:1',1699724656119,5,2,'productId=FI-FW-01'),('guest','0:0:0:0:0:0:0:1',1699724658535,5,3,'itemId=EST-100'),('guest','0:0:0:0:0:0:0:1',1699724658967,5,-1,NULL),('guest','0:0:0:0:0:0:0:1',1699753957725,5,1,'categoryId=FISH'),('guest','0:0:0:0:0:0:0:1',1699753961328,5,2,'productId=FI-FW-01'),('guest','0:0:0:0:0:0:0:1',1699753963609,5,3,'itemId=EST-100'),('guest','0:0:0:0:0:0:0:1',1699753963853,5,-1,NULL),('guest','0:0:0:0:0:0:0:1',1699754029302,5,3,'itemId=EST-100'),('guest','0:0:0:0:0:0:0:1',1699754034651,5,-1,NULL),('guest','0:0:0:0:0:0:0:1',1699754049978,5,-1,NULL),('guest','0:0:0:0:0:0:0:1',1699754120389,5,3,'itemId=EST-100'),('guest','0:0:0:0:0:0:0:1',1699754123603,5,-1,NULL),('guest','0:0:0:0:0:0:0:1',1699754175006,5,3,'itemId=EST-100'),('guest','0:0:0:0:0:0:0:1',1699754227575,5,3,'itemId=EST-100'),('guest','0:0:0:0:0:0:0:1',1699754230233,5,-1,NULL),('guest','0:0:0:0:0:0:0:1',1699754691868,5,3,'itemId=EST-100'),('guest','0:0:0:0:0:0:0:1',1699754821259,5,3,'itemId=EST-100'),('guest','0:0:0:0:0:0:0:1',1699754979387,5,3,'itemId=EST-100'),('guest','0:0:0:0:0:0:0:1',1699755644842,5,3,'itemId=EST-100'),('uuu','0:0:0:0:0:0:0:1',1699755685901,5,1,'categoryId=FISH'),('uuu','0:0:0:0:0:0:0:1',1699755687612,5,2,'productId=FI-FW-01'),('uuu','0:0:0:0:0:0:0:1',1699755689068,5,3,'itemId=EST-100'),('uuu','0:0:0:0:0:0:0:1',1699755693378,5,3,'itemId=EST-100'),('guest','0:0:0:0:0:0:0:1',1699755890942,5,3,'itemId=EST-100'),('guest','0:0:0:0:0:0:0:1',1699755993240,5,3,'itemId=EST-100'),('uuu','0:0:0:0:0:0:0:1',1699756021031,5,1,'categoryId=FISH'),('uuu','0:0:0:0:0:0:0:1',1699756024264,5,2,'productId=FI-FW-01'),('uuu','0:0:0:0:0:0:0:1',1699756025753,5,3,'itemId=EST-100'),('guest','0:0:0:0:0:0:0:1',1699756551788,5,3,'itemId=EST-100'),('guest','0:0:0:0:0:0:0:1',1699756618576,5,3,'itemId=EST-100'),('guest','0:0:0:0:0:0:0:1',1699756700369,5,3,'itemId=EST-100'),('guest','0:0:0:0:0:0:0:1',1699756862700,5,3,'itemId=EST-100'),('guest','0:0:0:0:0:0:0:1',1699756895665,5,3,'itemId=EST-100'),('guest','0:0:0:0:0:0:0:1',1699757001898,5,3,'itemId=EST-100'),('guest','0:0:0:0:0:0:0:1',1699757082598,5,3,'itemId=EST-100'),('guest','0:0:0:0:0:0:0:1',1699757232699,5,3,'itemId=EST-100'),('guest','0:0:0:0:0:0:0:1',1699757518212,5,3,'itemId=EST-100'),('guest','0:0:0:0:0:0:0:1',1699757603144,5,3,'itemId=EST-100'),('guest','0:0:0:0:0:0:0:1',1699758154074,5,3,'itemId=EST-100'),('guest','0:0:0:0:0:0:0:1',1699758290202,5,3,'itemId=EST-100'),('guest','0:0:0:0:0:0:0:1',1699758393470,5,3,'itemId=EST-100'),('guest','0:0:0:0:0:0:0:1',1699758521002,5,3,'itemId=EST-100'),('guest','0:0:0:0:0:0:0:1',1699758587020,5,3,'itemId=EST-100'),('guest','0:0:0:0:0:0:0:1',1699758705151,5,1,'categoryId=FISH'),('guest','0:0:0:0:0:0:0:1',1699758709859,5,2,'productId=FI-FW-01'),('guest','0:0:0:0:0:0:0:1',1699758711888,5,3,'itemId=EST-100'),('guest','0:0:0:0:0:0:0:1',1699759089335,5,3,'itemId=EST-100'),('guest','0:0:0:0:0:0:0:1',1699759344787,5,3,'itemId=EST-100'),('guest','0:0:0:0:0:0:0:1',1699759540074,5,3,'itemId=EST-100'),('guest','0:0:0:0:0:0:0:1',1699764141622,5,3,'itemId=EST-100'),('guest','0:0:0:0:0:0:0:1',1699764162193,5,3,'itemId=EST-100'),('guest','0:0:0:0:0:0:0:1',1699764204392,5,3,'itemId=EST-100'),('guest','0:0:0:0:0:0:0:1',1699764405193,5,3,'itemId=EST-100'),('guest','0:0:0:0:0:0:0:1',1699764422094,5,2,'productId=FI-FW-01'),('guest','0:0:0:0:0:0:0:1',1699764423837,5,3,'itemId=EST-100'),('guest','0:0:0:0:0:0:0:1',1699764555971,5,3,'itemId=EST-100'),('guest','0:0:0:0:0:0:0:1',1699764618489,5,3,'itemId=EST-100'),('guest','0:0:0:0:0:0:0:1',1699764675764,5,3,'itemId=EST-100'),('guest','0:0:0:0:0:0:0:1',1699764810689,5,3,'itemId=EST-100'),('guest','0:0:0:0:0:0:0:1',1699764952115,5,3,'itemId=EST-100'),('guest','0:0:0:0:0:0:0:1',1699765075011,5,3,'itemId=EST-100'),('guest','0:0:0:0:0:0:0:1',1699765214118,5,3,'itemId=EST-100'),('guest','0:0:0:0:0:0:0:1',1699765718281,5,1,'categoryId=FISH'),('guest','0:0:0:0:0:0:0:1',1699765724346,5,2,'productId=FI-FW-01'),('guest','0:0:0:0:0:0:0:1',1699765728246,5,3,'itemId=EST-100'),('uuu','0:0:0:0:0:0:0:1',1699765776686,5,3,'itemId=EST-100'),('guest','0:0:0:0:0:0:0:1',1699766848819,5,1,'categoryId=FISH'),('guest','0:0:0:0:0:0:0:1',1699766855307,5,2,'productId=FI-FW-01'),('guest','0:0:0:0:0:0:0:1',1699766858729,5,3,'itemId=EST-100'),('uuu','0:0:0:0:0:0:0:1',1699766877037,5,3,'itemId=EST-100'),('guest','0:0:0:0:0:0:0:1',1699766928254,5,1,'categoryId=FISH'),('guest','0:0:0:0:0:0:0:1',1699766931787,5,2,'productId=FI-FW-01'),('guest','0:0:0:0:0:0:0:1',1699766935820,5,3,'itemId=EST-100'),('uuu','0:0:0:0:0:0:0:1',1699766962668,5,3,'itemId=EST-100'),('guest','0:0:0:0:0:0:0:1',1699767047747,5,1,'categoryId=FISH'),('guest','0:0:0:0:0:0:0:1',1699767051697,5,2,'productId=FI-FW-01'),('guest','0:0:0:0:0:0:0:1',1699767055439,5,3,'itemId=EST-100'),('uuu','0:0:0:0:0:0:0:1',1699767073082,5,3,'itemId=EST-100'),('guest','0:0:0:0:0:0:0:1',1699767164235,5,1,'categoryId=FISH'),('guest','0:0:0:0:0:0:0:1',1699767167952,5,2,'productId=FI-FW-01'),('guest','0:0:0:0:0:0:0:1',1699767171033,5,3,'itemId=EST-100'),('uuu','0:0:0:0:0:0:0:1',1699767187444,5,3,'itemId=EST-100'),('uuu','0:0:0:0:0:0:0:1',1699767397883,5,1,'categoryId=FISH'),('uuu','0:0:0:0:0:0:0:1',1699767400487,5,2,'productId=FI-FW-01'),('uuu','0:0:0:0:0:0:0:1',1699767402916,5,3,'itemId=EST-100'),('guest','0:0:0:0:0:0:0:1',1699768399785,5,1,'categoryId=FISH'),('guest','0:0:0:0:0:0:0:1',1699768402468,5,2,'productId=FI-FW-01'),('guest','0:0:0:0:0:0:0:1',1699768404068,5,3,'itemId=EST-100'),('uuu','0:0:0:0:0:0:0:1',1699768418086,5,3,'itemId=EST-100'),('uuu','0:0:0:0:0:0:0:1',1699768528780,5,3,'itemId=EST-100'),('uuu','0:0:0:0:0:0:0:1',1699769020871,5,1,'categoryId=FISH'),('uuu','0:0:0:0:0:0:0:1',1699769022635,5,2,'productId=FI-FW-01'),('uuu','0:0:0:0:0:0:0:1',1699769024283,5,3,'itemId=EST-100'),('guest','0:0:0:0:0:0:0:1',1699770807689,5,1,'categoryId=FISH'),('guest','0:0:0:0:0:0:0:1',1699770811554,5,2,'productId=FI-FW-01'),('guest','0:0:0:0:0:0:0:1',1699770813237,5,3,'itemId=EST-100'),('guest','0:0:0:0:0:0:0:1',1699771645050,5,1,'categoryId=FISH'),('guest','0:0:0:0:0:0:0:1',1699771647725,5,2,'productId=FI-FW-01'),('guest','0:0:0:0:0:0:0:1',1699771650273,5,3,'itemId=EST-100'),('uuu','0:0:0:0:0:0:0:1',1699771666523,5,3,'itemId=EST-100'),('uuu','0:0:0:0:0:0:0:1',1699771670152,5,-1,'username=uuu'),('uuu','0:0:0:0:0:0:0:1',1699771675176,5,-1,'orderId=1002'),('uuu','0:0:0:0:0:0:0:1',1699771684695,5,-1,'username=uuu'),('uuu','0:0:0:0:0:0:0:1',1699772264023,5,-1,'username=uuu'),('uuu','0:0:0:0:0:0:0:1',1699773794549,5,-1,'username=uuu'),('uuu','0:0:0:0:0:0:0:1',1699773811713,5,-1,'username=uuu'),('uuu','0:0:0:0:0:0:0:1',1699774039756,5,-1,'username=uuu'),('uuu','0:0:0:0:0:0:0:1',1699774077754,5,-1,'username=uuu'),('guest','0:0:0:0:0:0:0:1',1699774253789,5,-1,'username=uuu'),('uuu','0:0:0:0:0:0:0:1',1699774384740,5,-1,'username=uuu'),('uuu','0:0:0:0:0:0:0:1',1699774568129,5,-1,'username=uuu'),('uuu','0:0:0:0:0:0:0:1',1699774789810,5,-1,'username=uuu'),('uuu','0:0:0:0:0:0:0:1',1699774792449,5,-1,'username=uuu'),('uuu','0:0:0:0:0:0:0:1',1699774802481,5,-1,'username=uuu'),('guest','0:0:0:0:0:0:0:1',1699774832663,5,-1,'username=uuu'),('uuu','0:0:0:0:0:0:0:1',1699775005404,5,-1,'username=uuu'),('uuu','0:0:0:0:0:0:0:1',1699775074377,5,-1,'username=uuu'),('uuu','0:0:0:0:0:0:0:1',1699775327469,5,-1,'username=uuu'),('uuu','0:0:0:0:0:0:0:1',1699775449835,5,-1,'username=uuu'),('uuu','0:0:0:0:0:0:0:1',1699775593238,5,-1,'username=uuu'),('uuu','0:0:0:0:0:0:0:1',1699775600164,5,-1,'orderId=1002'),('uuu','0:0:0:0:0:0:0:1',1699775606105,5,-1,'orderId=1003'),('guest','0:0:0:0:0:0:0:1',1699775899190,9,2,NULL),('guest','0:0:0:0:0:0:0:1',1699775907830,9,2,NULL),('guest','0:0:0:0:0:0:0:1',1699775916561,9,2,NULL),('guest','0:0:0:0:0:0:0:1',1699775929129,9,2,NULL),('guest','0:0:0:0:0:0:0:1',1699775939172,5,2,'productId=K9-BD-01'),('guest','0:0:0:0:0:0:0:1',1699775944116,9,2,NULL),('guest','0:0:0:0:0:0:0:1',1699775946140,5,2,'productId=K9-BD-01'),('guest','0:0:0:0:0:0:0:1',1699775951503,9,2,NULL),('guest','0:0:0:0:0:0:0:1',1699775957406,5,2,'productId=K9-BD-01'),('guest','0:0:0:0:0:0:0:1',1699775960352,9,2,NULL),('guest','0:0:0:0:0:0:0:1',1699775961180,9,2,NULL),('guest','0:0:0:0:0:0:0:1',1699776060104,9,2,NULL),('guest','0:0:0:0:0:0:0:1',1699776074846,9,2,NULL),('guest','0:0:0:0:0:0:0:1',1699776077377,5,2,'productId=K9-BD-01'),('guest','0:0:0:0:0:0:0:1',1699776081371,5,1,'categoryId=DOGS'),('uuu','0:0:0:0:0:0:0:1',1699793162217,5,-1,'username=uuu'),('guest','0:0:0:0:0:0:0:1',1699793320450,5,1,'categoryId=FISH'),('guest','0:0:0:0:0:0:0:1',1699794599962,5,1,'categoryId=BIRDS'),('guest','0:0:0:0:0:0:0:1',1699795174909,9,2,NULL),('guest','0:0:0:0:0:0:0:1',1699795349632,5,1,'categoryId=FISH'),('guest','0:0:0:0:0:0:0:1',1699795452575,5,1,'categoryId=FISH'),('guest','0:0:0:0:0:0:0:1',1699797068280,5,1,'categoryId=FISH'),('guest','0:0:0:0:0:0:0:1',1699797197161,5,2,'productId=FI-FW-01'),('guest','0:0:0:0:0:0:0:1',1699797440326,5,1,'categoryId=FISH'),('guest','0:0:0:0:0:0:0:1',1699797441464,5,-1,NULL),('guest','0:0:0:0:0:0:0:1',1699797575485,5,1,'categoryId=FISH'),('guest','0:0:0:0:0:0:0:1',1699797576616,5,-1,NULL),('guest','0:0:0:0:0:0:0:1',1699797576642,5,-1,NULL),('guest','0:0:0:0:0:0:0:1',1699797648119,5,1,'categoryId=FISH'),('guest','0:0:0:0:0:0:0:1',1699797649269,5,-1,NULL),('guest','0:0:0:0:0:0:0:1',1699797654494,5,1,'categoryId=FISH'),('guest','0:0:0:0:0:0:0:1',1699797654554,5,-1,NULL),('guest','0:0:0:0:0:0:0:1',1699797654582,5,-1,NULL),('guest','0:0:0:0:0:0:0:1',1699797745510,5,1,'categoryId=FISH'),('guest','0:0:0:0:0:0:0:1',1699797748206,5,-1,NULL),('guest','0:0:0:0:0:0:0:1',1699797748421,5,-1,NULL),('guest','0:0:0:0:0:0:0:1',1699797888181,5,1,'categoryId=FISH'),('guest','0:0:0:0:0:0:0:1',1699797890802,5,-1,NULL),('guest','0:0:0:0:0:0:0:1',1699797891211,5,-1,NULL),('guest','0:0:0:0:0:0:0:1',1699799193130,5,1,'categoryId=FISH'),('guest','0:0:0:0:0:0:0:1',1699799209659,5,1,'categoryId=FISH'),('guest','0:0:0:0:0:0:0:1',1699799334526,5,1,'categoryId=FISH'),('guest','0:0:0:0:0:0:0:1',1699799536932,5,1,'categoryId=FISH'),('guest','0:0:0:0:0:0:0:1',1699799549654,5,1,'categoryId=FISH'),('guest','0:0:0:0:0:0:0:1',1699799572554,5,2,'productId=FI-FW-01'),('guest','0:0:0:0:0:0:0:1',1699802064846,5,1,'categoryId=FISH'),('guest','0:0:0:0:0:0:0:1',1699802161435,5,1,'categoryId=FISH'),('guest','0:0:0:0:0:0:0:1',1699802365558,5,1,'categoryId=FISH'),('guest','0:0:0:0:0:0:0:1',1699802418764,5,1,'categoryId=FISH'),('guest','0:0:0:0:0:0:0:1',1699802710644,5,1,'categoryId=FISH'),('guest','0:0:0:0:0:0:0:1',1699802732930,5,1,'categoryId=FISH'),('guest','0:0:0:0:0:0:0:1',1699802964254,5,1,'categoryId=FISH'),('guest','0:0:0:0:0:0:0:1',1699803054475,5,1,'categoryId=FISH'),('guest','0:0:0:0:0:0:0:1',1699803086472,5,2,'productId=FI-FW-02'),('guest','0:0:0:0:0:0:0:1',1699803134387,5,1,'categoryId=FISH'),('guest','0:0:0:0:0:0:0:1',1699803368334,5,1,'categoryId=FISH'),('guest','0:0:0:0:0:0:0:1',1699803373928,5,2,'productId=FI-FW-01'),('guest','0:0:0:0:0:0:0:1',1699803377768,5,2,'productId=FI-FW-01'),('guest','0:0:0:0:0:0:0:1',1699803727017,5,1,'categoryId=FISH'),('guest','0:0:0:0:0:0:0:1',1699803765595,5,1,'categoryId=FISH'),('guest','0:0:0:0:0:0:0:1',1699803986774,5,1,'categoryId=FISH'),('guest','0:0:0:0:0:0:0:1',1699804076876,5,1,'categoryId=FISH'),('guest','0:0:0:0:0:0:0:1',1699804165180,5,1,'categoryId=FISH'),('guest','0:0:0:0:0:0:0:1',1699804242433,5,1,'categoryId=FISH'),('guest','0:0:0:0:0:0:0:1',1699804415941,5,1,'categoryId=FISH'),('guest','0:0:0:0:0:0:0:1',1699804517842,5,1,'categoryId=FISH'),('guest','0:0:0:0:0:0:0:1',1699804557309,5,1,'categoryId=FISH'),('guest','0:0:0:0:0:0:0:1',1699804700709,5,1,'categoryId=FISH'),('guest','0:0:0:0:0:0:0:1',1699804913885,5,1,'categoryId=FISH'),('guest','0:0:0:0:0:0:0:1',1699805041750,5,1,'categoryId=FISH'),('guest','0:0:0:0:0:0:0:1',1699805065311,5,1,'categoryId=FISH'),('guest','0:0:0:0:0:0:0:1',1699805081199,5,1,'categoryId=FISH'),('guest','0:0:0:0:0:0:0:1',1699805154090,5,1,'categoryId=FISH'),('guest','0:0:0:0:0:0:0:1',1699805219349,5,1,'categoryId=FISH'),('guest','0:0:0:0:0:0:0:1',1699805223686,5,1,'categoryId=DOGS'),('guest','0:0:0:0:0:0:0:1',1699805229327,5,2,'productId=K9-BD-01'),('guest','0:0:0:0:0:0:0:1',1699805458041,5,2,'productId=K9-BD-01'),('guest','0:0:0:0:0:0:0:1',1699805528361,5,2,'productId=K9-BD-01'),('guest','0:0:0:0:0:0:0:1',1699805829159,5,2,'productId=K9-BD-01'),('guest','0:0:0:0:0:0:0:1',1699806100068,5,1,'categoryId=FISH'),('guest','0:0:0:0:0:0:0:1',1699806103636,5,2,'productId=FI-FW-01'),('guest','0:0:0:0:0:0:0:1',1699806165247,5,2,'productId=FI-FW-01'),('guest','0:0:0:0:0:0:0:1',1699806316623,5,2,'productId=FI-FW-01'),('guest','0:0:0:0:0:0:0:1',1699806325471,5,2,'productId=FI-FW-01'),('guest','0:0:0:0:0:0:0:1',1699806442947,5,2,'productId=FI-FW-01'),('guest','0:0:0:0:0:0:0:1',1699806490309,5,2,'productId=FI-FW-01'),('guest','0:0:0:0:0:0:0:1',1699806573048,5,2,'productId=FI-FW-01'),('guest','0:0:0:0:0:0:0:1',1699806579602,5,2,'productId=FI-FW-01'),('guest','0:0:0:0:0:0:0:1',1699806702580,5,2,'productId=FI-FW-01'),('guest','0:0:0:0:0:0:0:1',1699806914601,5,2,'productId=FI-FW-01'),('guest','0:0:0:0:0:0:0:1',1699806920471,5,2,'productId=FI-FW-01'),('guest','0:0:0:0:0:0:0:1',1699806921671,5,2,'productId=FI-FW-01'),('guest','0:0:0:0:0:0:0:1',1699806922725,5,2,'productId=FI-FW-01'),('guest','0:0:0:0:0:0:0:1',1699806924034,5,2,'productId=FI-FW-01'),('guest','0:0:0:0:0:0:0:1',1699806925120,5,2,'productId=FI-FW-01'),('guest','0:0:0:0:0:0:0:1',1699806925975,5,2,'productId=FI-FW-01'),('guest','0:0:0:0:0:0:0:1',1699806927140,5,2,'productId=FI-FW-01'),('guest','0:0:0:0:0:0:0:1',1699806928242,5,2,'productId=FI-FW-01'),('guest','0:0:0:0:0:0:0:1',1699806929468,5,2,'productId=FI-FW-01'),('guest','0:0:0:0:0:0:0:1',1699807073498,5,2,'productId=FI-FW-01'),('guest','0:0:0:0:0:0:0:1',1699807081978,5,2,'productId=FI-FW-01'),('guest','0:0:0:0:0:0:0:1',1699807086654,5,2,'productId=FI-FW-01'),('guest','0:0:0:0:0:0:0:1',1699807094817,5,1,'categoryId=DOGS'),('guest','0:0:0:0:0:0:0:1',1699807097992,5,2,'productId=K9-DL-01'),('guest','0:0:0:0:0:0:0:1',1699807102928,5,3,'itemId=EST-10'),('guest','0:0:0:0:0:0:0:1',1699807420008,5,1,'categoryId=FISH'),('guest','0:0:0:0:0:0:0:1',1699807424920,5,2,'productId=FI-FW-01'),('guest','0:0:0:0:0:0:0:1',1699807428366,5,3,'itemId=EST-100'),('guest','0:0:0:0:0:0:0:1',1699807447267,5,2,'productId=FI-FW-02'),('guest','0:0:0:0:0:0:0:1',1699807448950,5,3,'itemId=EST-21'),('guest','0:0:0:0:0:0:0:1',1699807454866,5,2,'productId=FI-FW-01'),('guest','0:0:0:0:0:0:0:1',1699807459414,5,3,'itemId=EST-132'),('guest','0:0:0:0:0:0:0:1',1699807466427,5,3,'itemId=EST-132'),('guest','0:0:0:0:0:0:0:1',1699807476245,5,2,'productId=FI-FW-01'),('guest','0:0:0:0:0:0:0:1',1699807683191,5,1,'categoryId=FISH'),('guest','0:0:0:0:0:0:0:1',1699807686601,5,2,'productId=FI-FW-01'),('guest','0:0:0:0:0:0:0:1',1699807702101,5,1,'categoryId=FISH'),('guest','0:0:0:0:0:0:0:1',1699807704766,5,2,'productId=FI-FW-01'),('guest','0:0:0:0:0:0:0:1',1699807745882,5,2,'productId=FI-FW-01'),('guest','0:0:0:0:0:0:0:1',1699807962948,5,2,'productId=FI-FW-01'),('guest','0:0:0:0:0:0:0:1',1699807986027,5,2,'productId=FI-FW-02'),('guest','0:0:0:0:0:0:0:1',1699807989998,5,2,'productId=FI-SW-02'),('guest','0:0:0:0:0:0:0:1',1699808034751,5,2,'productId=FI-SW-01'),('guest','0:0:0:0:0:0:0:1',1699808088497,5,1,'categoryId=DOGS'),('guest','0:0:0:0:0:0:0:1',1699808091113,5,2,'productId=K9-BD-01'),('guest','0:0:0:0:0:0:0:1',1699808206617,5,2,'productId=K9-BD-01'),('guest','0:0:0:0:0:0:0:1',1699808216962,5,2,'productId=K9-BD-01'),('guest','0:0:0:0:0:0:0:1',1699808393951,5,2,'productId=K9-BD-01'),('guest','0:0:0:0:0:0:0:1',1699808407822,5,1,'categoryId=FISH'),('guest','0:0:0:0:0:0:0:1',1699808409800,5,2,'productId=FI-FW-01'),('guest','0:0:0:0:0:0:0:1',1699808748507,5,2,'productId=FI-FW-01'),('guest','0:0:0:0:0:0:0:1',1699808764597,5,1,'categoryId=REPTILES'),('guest','0:0:0:0:0:0:0:1',1699808767261,5,2,'productId=RP-LI-02'),('guest','0:0:0:0:0:0:0:1',1699808903295,5,1,'categoryId=REPTILES'),('guest','0:0:0:0:0:0:0:1',1699808907506,5,2,'productId=RP-LI-02'),('guest','0:0:0:0:0:0:0:1',1699808910831,5,2,'productId=RP-LI-02'),('guest','0:0:0:0:0:0:0:1',1699808911934,5,2,'productId=RP-LI-02'),('guest','0:0:0:0:0:0:0:1',1699808972653,5,2,'productId=RP-LI-02'),('guest','0:0:0:0:0:0:0:1',1699809110861,5,2,'productId=RP-LI-02'),('guest','0:0:0:0:0:0:0:1',1699809120168,5,1,'categoryId=BIRDS'),('guest','0:0:0:0:0:0:0:1',1699809122588,5,2,'productId=AV-SB-02'),('guest','0:0:0:0:0:0:0:1',1699809124719,5,3,'itemId=EST-19'),('guest','0:0:0:0:0:0:0:1',1699809256639,5,3,'itemId=EST-19'),('guest','0:0:0:0:0:0:0:1',1699809269076,5,3,'itemId=EST-19'),('guest','0:0:0:0:0:0:0:1',1699809519389,5,3,'itemId=EST-19'),('guest','0:0:0:0:0:0:0:1',1699809530564,5,3,'itemId=EST-19'),('guest','0:0:0:0:0:0:0:1',1699809595747,5,3,'itemId=EST-19'),('guest','0:0:0:0:0:0:0:1',1699809665487,5,1,'categoryId=FISH'),('guest','0:0:0:0:0:0:0:1',1699809667536,5,2,'productId=FI-FW-01'),('guest','0:0:0:0:0:0:0:1',1699809669721,5,3,'itemId=EST-101'),('uuu','0:0:0:0:0:0:0:1',1699809683258,5,3,'itemId=EST-101'),('guest','0:0:0:0:0:0:0:1',1699809701336,5,1,'categoryId=FISH'),('guest','0:0:0:0:0:0:0:1',1699809702827,5,2,'productId=FI-FW-01'),('guest','0:0:0:0:0:0:0:1',1699809704524,5,3,'itemId=EST-100'),('guest','0:0:0:0:0:0:0:1',1699809915705,5,1,'categoryId=FISH'),('guest','0:0:0:0:0:0:0:1',1699809919113,5,2,'productId=FI-FW-01'),('guest','0:0:0:0:0:0:0:1',1699809921574,5,3,'itemId=EST-100'),('uuu','0:0:0:0:0:0:0:1',1699809942108,5,3,'itemId=EST-100'),('uuu','0:0:0:0:0:0:0:1',1699810006654,5,-1,'username=uuu'),('guest','0:0:0:0:0:0:0:1',1699841589926,5,-1,'username=uuu'),('guest','0:0:0:0:0:0:0:1',1699841596357,5,-1,'username=uuu'),('guest','0:0:0:0:0:0:0:1',1699841597347,5,-1,'username=uuu'),('uuu','0:0:0:0:0:0:0:1',1699841622563,5,-1,'username=uuu'),('uuu','0:0:0:0:0:0:0:1',1699841647187,5,1,'categoryId=FISH'),('uuu','0:0:0:0:0:0:0:1',1699841668922,5,-1,'username=uuu'),('uuu','0:0:0:0:0:0:0:1',1699841677161,5,1,'categoryId=FISH'),('uuu','0:0:0:0:0:0:0:1',1699842262566,5,-1,'username=uuu'),('uuu','0:0:0:0:0:0:0:1',1699842285407,5,-1,'quantity=2'),('uuu','0:0:0:0:0:0:0:1',1699842285625,5,3,'itemId=EST-19'),('uuu','0:0:0:0:0:0:0:1',1699842548777,5,-1,'username=uuu'),('uuu','0:0:0:0:0:0:0:1',1699842674714,5,-1,'username=uuu'),('uuu','0:0:0:0:0:0:0:1',1699842733666,8,3,'workingItemId=EST-101'),('uuu','0:0:0:0:0:0:0:1',1699842766357,8,3,'workingItemId=EST-21'),('uuu','0:0:0:0:0:0:0:1',1699843878802,5,-1,'username=uuu'),('uuu','0:0:0:0:0:0:0:1',1699843938178,5,-1,'username=uuu'),('uuu','0:0:0:0:0:0:0:1',1699843952705,5,-1,'username=uuu'),('uuu','0:0:0:0:0:0:0:1',1699844132534,5,-1,'username=uuu'),('uuu','0:0:0:0:0:0:0:1',1699844240351,5,-1,'username=uuu'),('uuu','0:0:0:0:0:0:0:1',1699844294099,5,-1,'username=uuu'),('uuu','0:0:0:0:0:0:0:1',1699844372995,5,-1,'username=uuu'),('uuu','0:0:0:0:0:0:0:1',1699844376093,5,-1,'username=uuu'),('uuu','0:0:0:0:0:0:0:1',1699844496636,5,-1,'username=uuu'),('uuu','0:0:0:0:0:0:0:1',1699844516656,5,-1,'username=uuu'),('uuu','0:0:0:0:0:0:0:1',1699844668418,5,-1,'username=uuu'),('uuu','0:0:0:0:0:0:0:1',1699844876088,5,-1,'username=uuu'),('uuu','0:0:0:0:0:0:0:1',1699844982772,5,-1,'username=uuu'),('uuu','0:0:0:0:0:0:0:1',1699845553415,5,-1,'username=uuu'),('uuu','0:0:0:0:0:0:0:1',1699845782493,5,-1,'username=uuu'),('uuu','0:0:0:0:0:0:0:1',1699845803351,5,3,'itemId=EST-100'),('uuu','0:0:0:0:0:0:0:1',1699845940083,5,-1,'username=uuu'),('uuu','0:0:0:0:0:0:0:1',1699846070275,5,-1,'username=uuu'),('uuu','0:0:0:0:0:0:0:1',1699846460573,5,-1,'username=uuu'),('uuu','0:0:0:0:0:0:0:1',1699847129609,5,-1,'username=uuu'),('uuu','0:0:0:0:0:0:0:1',1699847358606,5,-1,'username=uuu'),('uuu','0:0:0:0:0:0:0:1',1699847510486,5,-1,'username=uuu'),('uuu','0:0:0:0:0:0:0:1',1699847514762,5,-1,'username=uuu'),('uuu','0:0:0:0:0:0:0:1',1699847523197,5,-1,'username=uuu'),('uuu','0:0:0:0:0:0:0:1',1699847525427,5,-1,'username=uuu'),('uuu','0:0:0:0:0:0:0:1',1699847584902,5,-1,'username=uuu'),('uuu','0:0:0:0:0:0:0:1',1699847587398,5,-1,'username=uuu'),('uuu','0:0:0:0:0:0:0:1',1699847588332,5,-1,'username=uuu'),('uuu','0:0:0:0:0:0:0:1',1699847589233,5,-1,'username=uuu'),('uuu','0:0:0:0:0:0:0:1',1699847591709,5,-1,'username=uuu'),('uuu','0:0:0:0:0:0:0:1',1699847593660,5,-1,'username=uuu'),('uuu','0:0:0:0:0:0:0:1',1699847595510,5,-1,'username=uuu'),('guest','0:0:0:0:0:0:0:1',1699847698523,5,-1,'username=uuu'),('uuu','0:0:0:0:0:0:0:1',1699847729208,5,-1,'username=uuu'),('uuu','0:0:0:0:0:0:0:1',1699847782838,5,-1,'username=uuu'),('uuu','0:0:0:0:0:0:0:1',1699847799222,5,-1,'username=uuu'),('guest','0:0:0:0:0:0:0:1',1699847850420,5,-1,'username=uuu'),('uuu','0:0:0:0:0:0:0:1',1699847935498,5,-1,'username=uuu'),('uuu','0:0:0:0:0:0:0:1',1699847952963,5,-1,'username=uuu'),('uuu','0:0:0:0:0:0:0:1',1699847958048,5,-1,'username=uuu'),('uuu','0:0:0:0:0:0:0:1',1699847971073,5,1,'categoryId=FISH'),('uuu','0:0:0:0:0:0:0:1',1699847972856,5,2,'productId=FI-FW-01'),('uuu','0:0:0:0:0:0:0:1',1699847975174,5,3,'itemId=EST-100'),('uuu','0:0:0:0:0:0:0:1',1699847981733,5,2,'productId=FI-SW-01'),('uuu','0:0:0:0:0:0:0:1',1699847984930,5,3,'itemId=EST-1'),('uuu','0:0:0:0:0:0:0:1',1699847989198,5,-1,'username=uuu'),('guest','0:0:0:0:0:0:0:1',1699848053045,5,-1,'username=uuu'),('guest','0:0:0:0:0:0:0:1',1699848104100,5,-1,'username=uuu'),('uuu','0:0:0:0:0:0:0:1',1699848508269,5,-1,'username=uuu'),('uuu','0:0:0:0:0:0:0:1',1699848513847,5,-1,'username=uuu'),('uuu','0:0:0:0:0:0:0:1',1699848525382,5,-1,'username=uuu'),('uuu','0:0:0:0:0:0:0:1',1699848611448,5,-1,'username=uuu'),('uuu','0:0:0:0:0:0:0:1',1699848617446,5,1,'categoryId=FISH'),('uuu','0:0:0:0:0:0:0:1',1699848620012,5,2,'productId=FI-FW-02'),('uuu','0:0:0:0:0:0:0:1',1699848623005,5,3,'itemId=EST-20'),('uuu','0:0:0:0:0:0:0:1',1699848628837,5,-1,'username=uuu'),('uuu','0:0:0:0:0:0:0:1',1699848722592,5,-1,'username=uuu'),('uuu','0:0:0:0:0:0:0:1',1699848726165,5,1,'categoryId=REPTILES'),('uuu','0:0:0:0:0:0:0:1',1699848727665,5,2,'productId=RP-LI-02'),('uuu','0:0:0:0:0:0:0:1',1699848729416,5,3,'itemId=EST-13'),('uuu','0:0:0:0:0:0:0:1',1699848734876,5,-1,'username=uuu'),('uuu','0:0:0:0:0:0:0:1',1699848741858,5,-1,'username=uuu'),('uuu','0:0:0:0:0:0:0:1',1699848744785,5,1,'categoryId=BIRDS'),('uuu','0:0:0:0:0:0:0:1',1699848746316,5,2,'productId=AV-SB-02'),('uuu','0:0:0:0:0:0:0:1',1699848747925,5,3,'itemId=EST-19'),('uuu','0:0:0:0:0:0:0:1',1699848757283,5,2,'productId=AV-CB-01'),('uuu','0:0:0:0:0:0:0:1',1699848758849,5,3,'itemId=EST-18'),('uuu','0:0:0:0:0:0:0:1',1699848762222,5,-1,'username=uuu'),('uuu','0:0:0:0:0:0:0:1',1699848936614,5,-1,'username=uuu'),('uuu','0:0:0:0:0:0:0:1',1699848940588,5,1,'categoryId=DOGS'),('uuu','0:0:0:0:0:0:0:1',1699848942305,5,2,'productId=K9-BD-01'),('uuu','0:0:0:0:0:0:0:1',1699848943788,5,3,'itemId=EST-6'),('uuu','0:0:0:0:0:0:0:1',1699848947831,5,-1,'username=uuu'),('uuu','0:0:0:0:0:0:0:1',1699849620541,5,-1,'username=uuu'),('uuu','0:0:0:0:0:0:0:1',1699849624074,5,1,'categoryId=DOGS'),('uuu','0:0:0:0:0:0:0:1',1699849625751,5,2,'productId=K9-BD-01'),('uuu','0:0:0:0:0:0:0:1',1699849627760,5,3,'itemId=EST-6'),('uuu','0:0:0:0:0:0:0:1',1699849635977,5,2,'productId=K9-CW-01'),('uuu','0:0:0:0:0:0:0:1',1699849637431,5,3,'itemId=EST-26'),('uuu','0:0:0:0:0:0:0:1',1699849641079,5,-1,'username=uuu'),('uuu','0:0:0:0:0:0:0:1',1699849645693,5,-1,'username=uuu'),('uuu','0:0:0:0:0:0:0:1',1699849646833,5,-1,'username=uuu'),('uuu','0:0:0:0:0:0:0:1',1699849647768,5,-1,'username=uuu'),('uuu','0:0:0:0:0:0:0:1',1699849648668,5,-1,'username=uuu'),('uuu','0:0:0:0:0:0:0:1',1699849663365,12,-1,NULL),('uuu','0:0:0:0:0:0:0:1',1699849855544,5,-1,'username=uuu'),('uuu','0:0:0:0:0:0:0:1',1699851083194,5,-1,'username=uuu'),('uuu','0:0:0:0:0:0:0:1',1699854902596,5,-1,'username=uuu'),('uuu','0:0:0:0:0:0:0:1',1699855383090,5,-1,'username=uuu'),('uuu','0:0:0:0:0:0:0:1',1699857487108,5,-1,'username=uuu'),('uuu','0:0:0:0:0:0:0:1',1699857641425,5,-1,'username=uuu'),('uuu','0:0:0:0:0:0:0:1',1699857902627,5,-1,'username=uuu'),('uuu','0:0:0:0:0:0:0:1',1699858025551,5,-1,'username=uuu'),('uuu','0:0:0:0:0:0:0:1',1699859440168,5,-1,'username=uuu'),('uuu','0:0:0:0:0:0:0:1',1699859675526,5,-1,'username=uuu'),('uuu','0:0:0:0:0:0:0:1',1699860212623,5,-1,'username=uuu'),('uuu','0:0:0:0:0:0:0:1',1699861155977,5,-1,'username=uuu'),('uuu','0:0:0:0:0:0:0:1',1699861201004,5,-1,'username=uuu'),('uuu','0:0:0:0:0:0:0:1',1699861525180,5,-1,'username=uuu'),('uuu','0:0:0:0:0:0:0:1',1699885631709,5,-1,'username=uuu'),('uuu','0:0:0:0:0:0:0:1',1699885671321,5,-1,'username=uuu'),('uuu','0:0:0:0:0:0:0:1',1699885674890,5,1,'categoryId=REPTILES'),('uuu','0:0:0:0:0:0:0:1',1699885676840,5,2,'productId=RP-LI-02'),('uuu','0:0:0:0:0:0:0:1',1699885678626,5,3,'itemId=EST-13'),('uuu','0:0:0:0:0:0:0:1',1699885683286,5,-1,'username=uuu'),('uuu','0:0:0:0:0:0:0:1',1699885728417,5,-1,'username=uuu'),('uuu','0:0:0:0:0:0:0:1',1699885749088,5,-1,'username=uuu'),('uuu','0:0:0:0:0:0:0:1',1699885753252,5,-1,'username=uuu'),('uuu','0:0:0:0:0:0:0:1',1699885759506,5,-1,'orderId=1002'),('uuu','0:0:0:0:0:0:0:1',1699885776178,5,-1,'username=uuu'),('uuu','0:0:0:0:0:0:0:1',1699885784565,5,-1,'orderId=1008'),('uuu','0:0:0:0:0:0:0:1',1699885906683,5,-1,'username=uuu'),('uuu','0:0:0:0:0:0:0:1',1699885910282,5,1,'categoryId=CATS'),('uuu','0:0:0:0:0:0:0:1',1699885912915,5,2,'productId=FL-DLH-02'),('uuu','0:0:0:0:0:0:0:1',1699885914743,5,3,'itemId=EST-16'),('uuu','0:0:0:0:0:0:0:1',1699885932275,5,1,'categoryId=FISH'),('uuu','0:0:0:0:0:0:0:1',1699885934078,5,2,'productId=FI-FW-01'),('uuu','0:0:0:0:0:0:0:1',1699885947283,5,3,'itemId=EST-4'),('uuu','0:0:0:0:0:0:0:1',1699885954869,5,3,'itemId=EST-100'),('uuu','0:0:0:0:0:0:0:1',1699885961980,5,-1,'username=uuu'),('uuu','0:0:0:0:0:0:0:1',1699886026016,5,-1,'username=uuu'),('uuu','0:0:0:0:0:0:0:1',1699888425115,5,-1,'username=uuu'),('uuu','0:0:0:0:0:0:0:1',1699888429473,5,1,'categoryId=DOGS'),('uuu','0:0:0:0:0:0:0:1',1699888431589,5,2,'productId=K9-BD-01'),('uuu','0:0:0:0:0:0:0:1',1699888434040,5,3,'itemId=EST-6'),('uuu','0:0:0:0:0:0:0:1',1699888441208,5,-1,'username=uuu'),('uuu','0:0:0:0:0:0:0:1',1699888633382,5,-1,'username=uuu'),('uuu','0:0:0:0:0:0:0:1',1699888758871,5,-1,'username=uuu'),('uuu','0:0:0:0:0:0:0:1',1699891216946,5,-1,'username=uuu'),('uuu','0:0:0:0:0:0:0:1',1699891222300,5,-1,'username=uuu'),('uuu','0:0:0:0:0:0:0:1',1699891223355,5,-1,'username=uuu'),('uuu','0:0:0:0:0:0:0:1',1699891475537,5,-1,'username=uuu'),('uuu','0:0:0:0:0:0:0:1',1699891479240,5,-1,'username=uuu'),('uuu','0:0:0:0:0:0:0:1',1699891481647,5,-1,'username=uuu'),('uuu','0:0:0:0:0:0:0:1',1699891839994,5,-1,'username=uuu'),('uuu','0:0:0:0:0:0:0:1',1699892407206,5,-1,'username=uuu'),('uuu','0:0:0:0:0:0:0:1',1699892656139,5,-1,'username=uuu'),('uuu','0:0:0:0:0:0:0:1',1699892778273,5,-1,'username=uuu'),('uuu','0:0:0:0:0:0:0:1',1699893192517,5,-1,'username=uuu'),('uuu','0:0:0:0:0:0:0:1',1699893346657,5,-1,'username=uuu'),('uuu','0:0:0:0:0:0:0:1',1699893495080,5,-1,'username=uuu'),('uuu','0:0:0:0:0:0:0:1',1699893623187,5,-1,'username=uuu'),('uuu','0:0:0:0:0:0:0:1',1699893776557,5,-1,'username=uuu'),('uuu','0:0:0:0:0:0:0:1',1699893999737,5,-1,'username=uuu'),('guest','0:0:0:0:0:0:0:1',1699894328223,5,-1,'username=uuu'),('guest','0:0:0:0:0:0:0:1',1699894339385,5,-1,'username=uuu'),('guest','0:0:0:0:0:0:0:1',1699894430916,5,-1,'username=uuu'),('guest','0:0:0:0:0:0:0:1',1699894610131,5,-1,'username=uuu'),('guest','0:0:0:0:0:0:0:1',1699894754182,5,-1,'username=uuu'),('guest','0:0:0:0:0:0:0:1',1699894797291,5,-1,'username=uuu'),('uuu','0:0:0:0:0:0:0:1',1699896471087,5,-1,'username=uuu'),('guest','0:0:0:0:0:0:0:1',1699897261458,5,-1,'username=uuu'),('guest','0:0:0:0:0:0:0:1',1699897326915,5,-1,'username=uuu'),('guest','0:0:0:0:0:0:0:1',1699897346305,5,-1,'username=uuu'),('guest','0:0:0:0:0:0:0:1',1699897436759,5,-1,'username=uuu'),('guest','0:0:0:0:0:0:0:1',1699897487282,5,-1,'username=uuu'),('guest','0:0:0:0:0:0:0:1',1699897592284,5,-1,'username=uuu'),('guest','0:0:0:0:0:0:0:1',1699897691199,5,-1,'username=uuu'),('guest','0:0:0:0:0:0:0:1',1699897974325,5,-1,'username=uuu'),('guest','0:0:0:0:0:0:0:1',1699898053757,5,-1,'username=uuu'),('uuu','0:0:0:0:0:0:0:1',1699898138936,5,-1,'username=uuu'),('uuu','0:0:0:0:0:0:0:1',1699898275111,5,-1,'username=uuu'),('guest','0:0:0:0:0:0:0:1',1699898341001,5,-1,'username=uuu'),('guest','0:0:0:0:0:0:0:1',1699898477976,5,-1,'username=uuu'),('guest','0:0:0:0:0:0:0:1',1699898782914,5,-1,'username=uuu'),('guest','0:0:0:0:0:0:0:1',1699898789684,5,-1,'username=uuu'),('guest','0:0:0:0:0:0:0:1',1699898897298,5,-1,'username=uuu'),('uuu','0:0:0:0:0:0:0:1',1699923764455,5,-1,'username=uuu'),('uuu','0:0:0:0:0:0:0:1',1699924081294,5,-1,'username=uuu'),('uuu','0:0:0:0:0:0:0:1',1699924123485,5,1,'categoryId=CATS'),('uuu','0:0:0:0:0:0:0:1',1699924126180,5,2,'productId=FL-DSH-01'),('uuu','0:0:0:0:0:0:0:1',1699924129669,5,3,'itemId=EST-15'),('uuu','0:0:0:0:0:0:0:1',1699924135919,5,-1,'username=uuu'),('uuu','0:0:0:0:0:0:0:1',1699924618922,5,-1,'username=uuu'),('uuu','0:0:0:0:0:0:0:1',1699924676808,5,-1,'username=uuu'),('uuu','0:0:0:0:0:0:0:1',1699924680489,5,-1,'username=uuu'),('uuu','0:0:0:0:0:0:0:1',1699924686534,5,-1,'orderId=1010'),('uuu','0:0:0:0:0:0:0:1',1699924698290,5,-1,'orderId=1010'),('uuu','0:0:0:0:0:0:0:1',1699934319784,5,-1,'username=uuu'),('uuu','0:0:0:0:0:0:0:1',1699934325063,5,1,'categoryId=DOGS'),('uuu','0:0:0:0:0:0:0:1',1699934327998,5,2,'productId=K9-DL-01'),('uuu','0:0:0:0:0:0:0:1',1699934330221,5,3,'itemId=EST-9'),('uuu','0:0:0:0:0:0:0:1',1699934334813,5,-1,'username=uuu'),('uuu','0:0:0:0:0:0:0:1',1699934346987,5,1,'categoryId=REPTILES'),('uuu','0:0:0:0:0:0:0:1',1699934348724,5,2,'productId=RP-SN-01'),('uuu','0:0:0:0:0:0:0:1',1699934350412,5,3,'itemId=EST-11'),('uuu','0:0:0:0:0:0:0:1',1699934354848,5,-1,'username=uuu'),('uuu','0:0:0:0:0:0:0:1',1699934367909,5,3,'itemId=EST-9'),('uuu','0:0:0:0:0:0:0:1',1699935161071,5,-1,'username=uuu'),('uuu','0:0:0:0:0:0:0:1',1699956750977,5,-1,'username=uuu'),('uuu','0:0:0:0:0:0:0:1',1699956935690,5,-1,'username=uuu'),('uuu','0:0:0:0:0:0:0:1',1699957031568,5,-1,'username=uuu'),('uuu','0:0:0:0:0:0:0:1',1699957043544,5,-1,'username=uuu'),('uuu','0:0:0:0:0:0:0:1',1699957045315,5,-1,'orderId=1002'),('uuu','0:0:0:0:0:0:0:1',1699957293138,5,-1,'username=uuu'),('uuu','0:0:0:0:0:0:0:1',1699957296886,5,-1,'orderId=1010'),('uuu','0:0:0:0:0:0:0:1',1699957759505,5,-1,'username=uuu'),('uuu','0:0:0:0:0:0:0:1',1699957803709,5,-1,'orderId=1010'),('uuu','0:0:0:0:0:0:0:1',1699957859084,5,-1,'orderId=1010'),('uuu','0:0:0:0:0:0:0:1',1699957941428,5,-1,'orderId=1010'),('uuu','0:0:0:0:0:0:0:1',1699958261836,5,-1,'username=uuu'),('uuu','0:0:0:0:0:0:0:1',1699963218410,5,-1,'username=uuu'),('uuu','0:0:0:0:0:0:0:1',1699963222351,5,1,'categoryId=CATS'),('uuu','0:0:0:0:0:0:0:1',1699963233930,5,1,'categoryId=CATS'),('uuu','0:0:0:0:0:0:0:1',1699963459768,5,2,'productId=FL-DLH-02'),('uuu','0:0:0:0:0:0:0:1',1699963461932,5,3,'itemId=EST-17'),('uuu','0:0:0:0:0:0:0:1',1699963465666,5,-1,'username=uuu'),('uuu','0:0:0:0:0:0:0:1',1699963755422,5,1,'categoryId=BIRDS'),('uuu','0:0:0:0:0:0:0:1',1699963757203,5,2,'productId=AV-SB-02'),('uuu','0:0:0:0:0:0:0:1',1699963759174,5,3,'itemId=EST-19'),('uuu','0:0:0:0:0:0:0:1',1699963763242,5,-1,'username=uuu'),('uuu','0:0:0:0:0:0:0:1',1699963809858,5,-1,'username=uuu'),('uuu','0:0:0:0:0:0:0:1',1699963823572,5,-1,'orderId=1013'),('uuu','0:0:0:0:0:0:0:1',1699963906209,5,1,'categoryId=REPTILES'),('uuu','0:0:0:0:0:0:0:1',1699963908010,5,2,'productId=RP-LI-02'),('uuu','0:0:0:0:0:0:0:1',1699963909375,5,3,'itemId=EST-13'),('uuu','0:0:0:0:0:0:0:1',1699963914067,5,1,'categoryId=BIRDS'),('uuu','0:0:0:0:0:0:0:1',1699963915728,5,2,'productId=AV-CB-01'),('uuu','0:0:0:0:0:0:0:1',1699963917217,5,3,'itemId=EST-18'),('uuu','0:0:0:0:0:0:0:1',1699963923933,5,-1,'username=uuu'),('uuu','0:0:0:0:0:0:0:1',1699963956789,5,-1,'username=uuu'),('uuu','0:0:0:0:0:0:0:1',1699963964736,5,-1,'orderId=1014'),('uuu','0:0:0:0:0:0:0:1',1699963979202,5,3,'itemId=EST-13'),('uuu','0:0:0:0:0:0:0:1',1699964532626,5,-1,'username=uuu'),('uuu','0:0:0:0:0:0:0:1',1699964591533,5,-1,'orderId=1014'),('uuu','0:0:0:0:0:0:0:1',1699964951717,5,-1,'username=uuu'),('uuu','0:0:0:0:0:0:0:1',1699964963810,5,-1,'orderId=1014'),('uuu','0:0:0:0:0:0:0:1',1699965603309,5,-1,'username=uuu'),('uuu','0:0:0:0:0:0:0:1',1699966058915,5,-1,'username=uuu'),('guest','0:0:0:0:0:0:0:1',1699966580565,5,1,'categoryId=FISH'),('guest','0:0:0:0:0:0:0:1',1699966584847,5,2,'productId=FI-FW-01'),('guest','0:0:0:0:0:0:0:1',1699966588314,5,3,'itemId=EST-100'),('uuu','0:0:0:0:0:0:0:1',1699966631356,5,-1,'username=uuu'),('uuu','0:0:0:0:0:0:0:1',1699967850786,5,-1,'username=uuu'),('uuu','0:0:0:0:0:0:0:1',1699967855531,5,-1,'username=uuu'),('uuu','0:0:0:0:0:0:0:1',1699968286658,5,-1,'username=uuu'),('uuu','0:0:0:0:0:0:0:1',1699968349847,5,-1,'username=uuu'),('uuu','0:0:0:0:0:0:0:1',1699968592949,5,-1,'username=uuu'),('uuu','0:0:0:0:0:0:0:1',1699968786789,5,-1,'username=uuu'),('uuu','0:0:0:0:0:0:0:1',1699968816576,5,-1,'username=uuu'),('uuu','0:0:0:0:0:0:0:1',1699969479675,5,-1,'username=uuu'),('uuu','0:0:0:0:0:0:0:1',1699970759129,5,-1,'username=uuu'),('guest','0:0:0:0:0:0:0:1',1699971098233,5,-1,'username=uuu'),('guest','0:0:0:0:0:0:0:1',1699971139285,5,-1,'username=uuu'),('guest','0:0:0:0:0:0:0:1',1699971142923,5,-1,'username=uuu'),('guest','0:0:0:0:0:0:0:1',1699971319367,5,-1,'username=uuu'),('guest','0:0:0:0:0:0:0:1',1699971399521,5,-1,'username=uuu'),('guest','0:0:0:0:0:0:0:1',1699971464848,5,-1,'username=uuu'),('guest','0:0:0:0:0:0:0:1',1699971522959,5,-1,'username=uuu'),('guest','0:0:0:0:0:0:0:1',1699971649271,5,-1,'username=uuu'),('guest','0:0:0:0:0:0:0:1',1699971652459,5,-1,'username=uuu'),('guest','0:0:0:0:0:0:0:1',1699971703589,5,-1,'username=uuu'),('guest','0:0:0:0:0:0:0:1',1699971708872,5,-1,'username=uuu'),('guest','0:0:0:0:0:0:0:1',1699971710905,5,-1,'username=uuu'),('guest','0:0:0:0:0:0:0:1',1699971711739,5,-1,'username=uuu'),('guest','0:0:0:0:0:0:0:1',1699971747217,5,-1,'username=uuu'),('guest','0:0:0:0:0:0:0:1',1699971750507,5,-1,'username=uuu'),('guest','0:0:0:0:0:0:0:1',1699971751377,5,-1,'username=uuu'),('guest','0:0:0:0:0:0:0:1',1699971752272,5,-1,'username=uuu'),('guest','0:0:0:0:0:0:0:1',1699971908886,5,-1,'username=uuu'),('guest','0:0:0:0:0:0:0:1',1699971998605,5,-1,'username=uuu'),('guest','0:0:0:0:0:0:0:1',1699972168006,5,-1,'username=uuu'),('guest','0:0:0:0:0:0:0:1',1699972212774,5,-1,'username=uuu'),('guest','0:0:0:0:0:0:0:1',1699972258026,5,-1,'username=uuu'),('guest','0:0:0:0:0:0:0:1',1699972310552,5,-1,'username=uuu'),('guest','0:0:0:0:0:0:0:1',1699972367749,5,-1,'username=uuu'),('guest','0:0:0:0:0:0:0:1',1699972402376,5,-1,'username=uuu'),('uuu','0:0:0:0:0:0:0:1',1699974269181,5,-1,'username=uuu'),('uuu','0:0:0:0:0:0:0:1',1699974278195,5,-1,'orderId=1002'),('uuu','0:0:0:0:0:0:0:1',1699974284292,5,-1,'orderId=1003'),('uuu','0:0:0:0:0:0:0:1',1699974903996,5,-1,'username=uuu'),('uuu','0:0:0:0:0:0:0:1',1699974918662,5,-1,'orderId=1007'),('uuu','0:0:0:0:0:0:0:1',1699975084661,5,1,'categoryId=DOGS'),('uuu','0:0:0:0:0:0:0:1',1699975091348,5,1,'categoryId=FISH'),('uuu','0:0:0:0:0:0:0:1',1699975098113,5,2,'productId=FI-SW-25'),('guest','0:0:0:0:0:0:0:1',1699982149893,5,1,'categoryId=DOGS'),('uuu','0:0:0:0:0:0:0:1',1699982175138,5,1,'categoryId=DOGS'),('uuu','0:0:0:0:0:0:0:1',1699982187622,5,-1,'username=uuu'),('guest','0:0:0:0:0:0:0:1',1699982197964,5,1,'categoryId=DOGS'),('guest','0:0:0:0:0:0:0:1',1699982202047,5,1,'categoryId=FISH'),('guest','0:0:0:0:0:0:0:1',1699982203504,5,2,'productId=FI-FW-02'),('guest','0:0:0:0:0:0:0:1',1699982206884,5,3,'itemId=EST-20'),('guest','0:0:0:0:0:0:0:1',1699982418371,5,1,'categoryId=FISH'),('guest','0:0:0:0:0:0:0:1',1699982421205,5,2,'productId=FI-FW-02'),('guest','0:0:0:0:0:0:0:1',1699982423655,5,3,'itemId=EST-21'),('guest','0:0:0:0:0:0:0:1',1699982672148,5,1,'categoryId=CATS'),('guest','0:0:0:0:0:0:0:1',1699982675272,5,2,'productId=FL-DLH-02'),('guest','0:0:0:0:0:0:0:1',1699982677538,5,3,'itemId=EST-16'),('uuu','0:0:0:0:0:0:0:1',1699983327633,5,1,'categoryId=REPTILES'),('uuu','0:0:0:0:0:0:0:1',1699983331060,5,2,'productId=RP-LI-02'),('uuu','0:0:0:0:0:0:0:1',1699983364215,5,3,'itemId=EST-13'),('uuu','0:0:0:0:0:0:0:1',1699983377159,5,-1,'username=uuu'),('uuu','0:0:0:0:0:0:0:1',1699983383123,5,1,'categoryId=CATS'),('uuu','0:0:0:0:0:0:0:1',1699983385611,5,2,'productId=FL-DLH-02'),('uuu','0:0:0:0:0:0:0:1',1699983390307,5,3,'itemId=EST-17'),('uuu','0:0:0:0:0:0:0:1',1699983399352,5,-1,'username=uuu'),('uuu','0:0:0:0:0:0:0:1',1699983451130,5,-1,'username=uuu'),('uuu','0:0:0:0:0:0:0:1',1699983462466,5,-1,'orderId=1015'),('guest','0:0:0:0:0:0:0:1',1699983490196,5,1,'categoryId=DOGS'),('guest','0:0:0:0:0:0:0:1',1699983493478,5,2,'productId=K9-DL-01'),('guest','0:0:0:0:0:0:0:1',1699983496556,5,3,'itemId=EST-9'),('uuu','0:0:0:0:0:0:0:1',1699983523980,5,3,'itemId=EST-9'),('uuu','0:0:0:0:0:0:0:1',1699983530367,5,-1,'username=uuu'),('uuu','0:0:0:0:0:0:0:1',1699983542492,5,-1,'username=uuu'),('guest','0:0:0:0:0:0:0:1',1699983586690,5,1,'categoryId=BIRDS'),('guest','0:0:0:0:0:0:0:1',1699983588474,5,2,'productId=AV-CB-01'),('guest','0:0:0:0:0:0:0:1',1699983591419,5,3,'itemId=EST-18'),('uuu','0:0:0:0:0:0:0:1',1699983682017,5,3,'itemId=EST-18'),('uuu','0:0:0:0:0:0:0:1',1699983693993,9,2,NULL),('guest','0:0:0:0:0:0:0:1',1699983859775,9,2,NULL),('guest','0:0:0:0:0:0:0:1',1699983868556,9,2,NULL),('guest','0:0:0:0:0:0:0:1',1699983875878,9,2,NULL),('guest','0:0:0:0:0:0:0:1',1699983881860,9,2,NULL),('guest','0:0:0:0:0:0:0:1',1699983886670,9,2,NULL),('guest','0:0:0:0:0:0:0:1',1699984288846,9,2,NULL),('guest','0:0:0:0:0:0:0:1',1699984296031,5,2,'productId=FI-SW-01'),('guest','0:0:0:0:0:0:0:1',1699984300522,5,2,'productId=FI-SW-01'),('guest','0:0:0:0:0:0:0:1',1699984427447,9,2,NULL),('guest','0:0:0:0:0:0:0:1',1699984438041,9,2,NULL),('guest','0:0:0:0:0:0:0:1',1699984447891,9,2,NULL),('guest','0:0:0:0:0:0:0:1',1699985745565,5,1,'categoryId=FISH'),('guest','0:0:0:0:0:0:0:1',1699987526601,5,1,'categoryId=DOGS'),('guest','0:0:0:0:0:0:0:1',1699987597566,5,1,'categoryId=DOGS'),('guest','0:0:0:0:0:0:0:1',1699987600991,5,2,'productId=K9-BD-01'),('guest','0:0:0:0:0:0:0:1',1699987603827,5,3,'itemId=EST-6'),('guest','0:0:0:0:0:0:0:1',1699988183087,5,1,'categoryId=DOGS'),('guest','0:0:0:0:0:0:0:1',1699988187450,5,2,'productId=K9-PO-02'),('guest','0:0:0:0:0:0:0:1',1699988189937,5,3,'itemId=EST-8'),('guest','0:0:0:0:0:0:0:1',1699988712299,5,1,'categoryId=DOGS'),('guest','0:0:0:0:0:0:0:1',1699988715652,5,2,'productId=K9-CW-01'),('guest','0:0:0:0:0:0:0:1',1699988717774,5,3,'itemId=EST-26'),('Catlover','0:0:0:0:0:0:0:1',1699988861447,5,3,'itemId=EST-26'),('guest','0:0:0:0:0:0:0:1',1699989648589,5,1,'categoryId=FISH'),('Catlover','0:0:0:0:0:0:0:1',1699989857260,5,1,'categoryId=FISH'),('guest','0:0:0:0:0:0:0:1',1700020040243,9,2,NULL),('leo','0:0:0:0:0:0:0:1',1700020092113,5,-1,'username=leo'),('leo','0:0:0:0:0:0:0:1',1700020096516,5,1,'categoryId=FISH'),('leo','0:0:0:0:0:0:0:1',1700020099569,5,2,'productId=FI-FW-01'),('leo','0:0:0:0:0:0:0:1',1700020101596,5,3,'itemId=EST-100'),('leo','0:0:0:0:0:0:0:1',1700020110473,5,1,'categoryId=DOGS'),('leo','0:0:0:0:0:0:0:1',1700020112782,5,2,'productId=K9-PO-02'),('leo','0:0:0:0:0:0:0:1',1700020114825,5,3,'itemId=EST-8'),('leo','0:0:0:0:0:0:0:1',1700020118930,5,-1,'username=leo'),('leo','0:0:0:0:0:0:0:1',1700020142352,5,-1,'username=leo'),('leo','0:0:0:0:0:0:0:1',1700020148448,5,-1,'orderId=1016'),('guest','0:0:0:0:0:0:0:1',1700020263156,5,1,'categoryId=REPTILES'),('guest','0:0:0:0:0:0:0:1',1700020265221,5,2,'productId=RP-SN-01'),('guest','0:0:0:0:0:0:0:1',1700020266871,5,3,'itemId=EST-11'),('leo','0:0:0:0:0:0:0:1',1700020290529,5,3,'itemId=EST-11'),('leo','0:0:0:0:0:0:0:1',1700020293410,5,-1,'username=leo'),('leo','0:0:0:0:0:0:0:1',1700020304895,5,-1,'orderId=1013'),('guest','0:0:0:0:0:0:0:1',1700020394591,9,2,NULL),('guest','0:0:0:0:0:0:0:1',1700020401740,9,2,NULL),('guest','0:0:0:0:0:0:0:1',1700020409574,9,2,NULL),('guest','0:0:0:0:0:0:0:1',1700020613171,5,1,'categoryId=BIRDS'),('leo','0:0:0:0:0:0:0:1',1700020747319,5,-1,'username=leo'),('leo','0:0:0:0:0:0:0:1',1700020749843,5,-1,'username=leo'),('leo','0:0:0:0:0:0:0:1',1700020754164,5,-1,'orderId=1016'),('leo','0:0:0:0:0:0:0:1',1700020761779,5,1,'categoryId=FISH'),('leo','0:0:0:0:0:0:0:1',1700037508862,5,-1,'username=leo'),('leo','0:0:0:0:0:0:0:1',1700037527555,5,-1,'username=leo'),('leo','0:0:0:0:0:0:0:1',1700037529908,5,-1,'username=leo'),('leo','0:0:0:0:0:0:0:1',1700037560919,5,-1,'username=leo'),('leo','0:0:0:0:0:0:0:1',1700037597147,5,-1,'username=leo'),('guest','0:0:0:0:0:0:0:1',1700037722682,5,-1,'username=leo'),('guest','0:0:0:0:0:0:0:1',1700037756470,5,-1,'username=leo'),('guest','0:0:0:0:0:0:0:1',1700037841185,5,-1,'username=leo'),('guest','0:0:0:0:0:0:0:1',1700037921423,5,-1,'username=leo'),('guest','0:0:0:0:0:0:0:1',1700037968737,5,-1,'username=leo'),('guest','0:0:0:0:0:0:0:1',1700038245041,5,1,'categoryId=FISH'),('guest','0:0:0:0:0:0:0:1',1700038247747,5,2,'productId=FI-FW-02'),('guest','0:0:0:0:0:0:0:1',1700038249278,5,3,'itemId=EST-20'),('guest','0:0:0:0:0:0:0:1',1700038397485,5,3,'itemId=EST-20'),('guest','0:0:0:0:0:0:0:1',1700038437362,5,3,'itemId=EST-20'),('guest','0:0:0:0:0:0:0:1',1700038528953,5,3,'itemId=EST-20'),('guest','0:0:0:0:0:0:0:1',1700038678617,5,1,'categoryId=BIRDS'),('guest','0:0:0:0:0:0:0:1',1700038681395,5,2,'productId=AV-CB-01'),('guest','0:0:0:0:0:0:0:1',1700038683268,5,3,'itemId=EST-18'),('guest','0:0:0:0:0:0:0:1',1700038789720,5,3,'itemId=EST-18'),('guest','0:0:0:0:0:0:0:1',1700038825697,5,1,'categoryId=REPTILES'),('guest','0:0:0:0:0:0:0:1',1700038827526,5,2,'productId=RP-LI-02'),('guest','0:0:0:0:0:0:0:1',1700038830338,5,3,'itemId=EST-13'),('guest','127.0.0.1',1700039596381,5,1,'categoryId=REPTILES'),('guest','127.0.0.1',1700039598892,5,2,'productId=RP-SN-01'),('guest','127.0.0.1',1700039600880,5,3,'itemId=EST-11');
/*!40000 ALTER TABLE `shoplog` ENABLE KEYS */;
UNLOCK TABLES;

--
-- Table structure for table `signon`
--

DROP TABLE IF EXISTS `signon`;
/*!40101 SET @saved_cs_client     = @@character_set_client */;
/*!50503 SET character_set_client = utf8mb4 */;
CREATE TABLE `signon` (
  `username` varchar(25) NOT NULL,
  `password` varchar(25) NOT NULL,
  PRIMARY KEY (`username`)
) ENGINE=InnoDB DEFAULT CHARSET=utf8mb4 COLLATE=utf8mb4_0900_ai_ci;
/*!40101 SET character_set_client = @saved_cs_client */;

--
-- Dumping data for table `signon`
--

LOCK TABLES `signon` WRITE;
/*!40000 ALTER TABLE `signon` DISABLE KEYS */;
INSERT INTO `signon` VALUES ('ACID','ACID'),('j2ee','j2ee'),('leo','leo2004');
/*!40000 ALTER TABLE `signon` ENABLE KEYS */;
UNLOCK TABLES;

--
-- Table structure for table `supplier`
--

DROP TABLE IF EXISTS `supplier`;
/*!40101 SET @saved_cs_client     = @@character_set_client */;
/*!50503 SET character_set_client = utf8mb4 */;
CREATE TABLE `supplier` (
  `suppid` int NOT NULL,
  `name` varchar(80) DEFAULT NULL,
  `status` varchar(2) NOT NULL,
  `addr1` varchar(80) DEFAULT NULL,
  `addr2` varchar(80) DEFAULT NULL,
  `city` varchar(80) DEFAULT NULL,
  `state` varchar(80) DEFAULT NULL,
  `zip` varchar(5) DEFAULT NULL,
  `phone` varchar(80) DEFAULT NULL,
  PRIMARY KEY (`suppid`)
) ENGINE=InnoDB DEFAULT CHARSET=utf8mb4 COLLATE=utf8mb4_0900_ai_ci;
/*!40101 SET character_set_client = @saved_cs_client */;

--
-- Dumping data for table `supplier`
--

LOCK TABLES `supplier` WRITE;
/*!40000 ALTER TABLE `supplier` DISABLE KEYS */;
INSERT INTO `supplier` VALUES (1,'XYZ Pets','AC','600 Avon Way','','Los Angeles','CA','94024','212-947-0797'),(2,'ABC Pets','AC','700 Abalone Way','','San Francisco ','CA','94024','415-947-0797');
/*!40000 ALTER TABLE `supplier` ENABLE KEYS */;
UNLOCK TABLES;
/*!40103 SET TIME_ZONE=@OLD_TIME_ZONE */;

/*!40101 SET SQL_MODE=@OLD_SQL_MODE */;
/*!40014 SET FOREIGN_KEY_CHECKS=@OLD_FOREIGN_KEY_CHECKS */;
/*!40014 SET UNIQUE_CHECKS=@OLD_UNIQUE_CHECKS */;
/*!40101 SET CHARACTER_SET_CLIENT=@OLD_CHARACTER_SET_CLIENT */;
/*!40101 SET CHARACTER_SET_RESULTS=@OLD_CHARACTER_SET_RESULTS */;
/*!40101 SET COLLATION_CONNECTION=@OLD_COLLATION_CONNECTION */;
/*!40111 SET SQL_NOTES=@OLD_SQL_NOTES */;

-- Dump completed on 2023-11-16 18:33:02
